Order_ID,Date,Category,Sub_Category,Region,Sales,Profit,Quantity,Discount,Month
1,2024-01-01,Home Decor,B,East,3363,174,6,0.0953084092641486,1
2,2024-01-02,Grocery,C,West,3001,598,6,0.2906023816723071,1
3,2024-01-03,Electronics,A,South,2447,219,4,0.0787028900342837,1
4,2024-01-04,Home Decor,A,West,1677,173,4,0.093915043518944,1
5,2024-01-05,Home Decor,A,West,511,918,5,0.25094954718541,1
6,2024-01-06,Grocery,A,East,4899,84,3,0.0150643295071365,1
7,2024-01-07,Electronics,D,West,3864,136,1,0.1393839506426912,1
8,2024-01-08,Electronics,A,East,3522,695,1,0.113885029335501,1
9,2024-01-09,Home Decor,D,North,3871,757,7,0.0949760279725953,1
10,2024-01-10,Fashion,D,North,3330,835,1,0.0857098782134293,1
11,2024-01-11,Home Decor,A,East,542,250,1,0.0274122314581227,1
12,2024-01-12,Home Decor,A,North,1443,418,3,0.0944477488054946,1
13,2024-01-13,Home Decor,B,South,2890,846,4,0.0129157208147005,1
14,2024-01-14,Home Decor,C,West,3045,126,4,0.2342891590933305,1
15,2024-01-15,Grocery,A,South,2911,108,2,0.1194683381874034,1
16,2024-01-16,Electronics,B,West,1504,480,1,0.1331711496959734,1
17,2024-01-17,Grocery,B,North,520,687,3,0.2680783759350394,1
18,2024-01-18,Grocery,C,South,906,549,4,0.1974164951583662,1
19,2024-01-19,Grocery,D,North,1514,962,3,0.0024177310026359,1
20,2024-01-20,Home Decor,A,West,4931,158,8,0.2829524468883855,1
21,2024-01-21,Fashion,C,East,2338,785,1,0.0711433397933133,1
22,2024-01-22,Electronics,A,East,3688,327,2,0.0322842554279576,1
23,2024-01-23,Fashion,B,South,1214,117,7,0.2304384535142646,1
24,2024-01-24,Grocery,B,North,4646,118,4,0.1501431947600154,1
25,2024-01-25,Grocery,D,North,4354,214,8,0.1301311698054052,1
26,2024-01-26,Fashion,B,South,4919,538,3,0.0748509239048225,1
27,2024-01-27,Fashion,B,East,640,354,6,0.1642414469586955,1
28,2024-01-28,Fashion,C,West,1463,958,9,0.0823153815607762,1
29,2024-01-29,Grocery,A,South,872,723,1,0.2704749015861202,1
30,2024-01-30,Grocery,A,West,4135,414,1,0.0645613439199578,1
31,2024-01-31,Electronics,C,East,3041,903,8,0.265306545136726,1
32,2024-02-01,Electronics,D,North,4110,870,3,0.167821627718207,2
33,2024-02-02,Grocery,A,East,2192,428,5,0.2485464401685723,2
34,2024-02-03,Fashion,B,South,605,392,1,0.2138537987582865,2
35,2024-02-04,Fashion,A,North,2181,996,5,0.2090085334310245,2
36,2024-02-05,Electronics,B,South,4597,948,6,0.0973037423085167,2
37,2024-02-06,Grocery,D,South,4516,603,8,0.070169079441661,2
38,2024-02-07,Electronics,C,East,3136,403,3,0.0632658683042364,2
39,2024-02-08,Electronics,A,South,2637,465,3,0.2571574971178766,2
40,2024-02-09,Home Decor,C,East,3916,158,9,0.246128046077706,2
41,2024-02-10,Home Decor,A,North,4945,612,4,0.1321720584036922,2
42,2024-02-11,Home Decor,B,East,4030,811,4,0.0397213840489363,2
43,2024-02-12,Fashion,C,North,1786,546,7,0.1146756755932375,2
44,2024-02-13,Grocery,A,East,3679,390,2,0.1858030362410734,2
45,2024-02-14,Grocery,B,West,4154,991,8,0.1363209463439858,2
46,2024-02-15,Grocery,C,West,2859,432,6,0.2340567805448984,2
47,2024-02-16,Grocery,C,South,944,582,3,0.2992868466754156,2
48,2024-02-17,Home Decor,A,East,535,349,9,0.057339626534669,2
49,2024-02-18,Fashion,A,East,1975,188,5,0.1378952458978717,2
50,2024-02-19,Fashion,A,North,4457,408,8,0.1292951705762466,2
51,2024-02-20,Home Decor,B,South,2298,885,7,0.0913477598246852,2
52,2024-02-21,Fashion,A,East,2345,548,8,0.0594286550160868,2
53,2024-02-22,Home Decor,C,South,1908,434,7,0.0197076349468977,2
54,2024-02-23,Grocery,C,West,2208,653,3,0.2661357951671095,2
55,2024-02-24,Home Decor,A,East,3438,329,2,0.1259546093058952,2
56,2024-02-25,Grocery,A,East,1800,686,7,0.1490686555500146,2
57,2024-02-26,Grocery,D,South,1743,532,3,0.2750826144602747,2
58,2024-02-27,Electronics,C,East,4476,958,3,0.2328871432547843,2
59,2024-02-28,Home Decor,B,South,3597,160,2,0.0391503792351552,2
60,2024-02-29,Electronics,D,East,509,915,4,0.1696259902823227,2
61,2024-03-01,Home Decor,A,North,2925,188,8,0.1326756829558677,3
62,2024-03-02,Home Decor,A,South,2160,484,1,0.2391633217736288,3
63,2024-03-03,Electronics,C,East,3131,558,1,0.2172697642835847,3
64,2024-03-04,Electronics,A,West,1572,322,5,0.2071217165733216,3
65,2024-03-05,Home Decor,B,East,3725,148,5,0.102163450643969,3
66,2024-03-06,Fashion,C,West,1816,813,1,0.2414891191197763,3
67,2024-03-07,Grocery,A,West,4645,899,6,0.0157173886784583,3
68,2024-03-08,Electronics,C,North,4183,153,1,0.0478874704296501,3
69,2024-03-09,Grocery,A,South,3773,263,5,0.1006869818933735,3
70,2024-03-10,Fashion,A,East,645,810,9,0.0230422323207843,3
71,2024-03-11,Fashion,A,North,3540,713,5,0.0704982832604074,3
72,2024-03-12,Fashion,B,East,1962,811,6,0.2490452948993754,3
73,2024-03-13,Electronics,B,West,2084,836,8,0.2844754613370238,3
74,2024-03-14,Fashion,C,South,982,214,1,0.0913807067322571,3
75,2024-03-15,Electronics,A,East,3679,902,2,0.0793547411966514,3
76,2024-03-16,Fashion,A,East,1749,569,9,0.083967795673928,3
77,2024-03-17,Grocery,B,West,1130,333,3,0.0833157262052531,3
78,2024-03-18,Grocery,A,East,1161,566,6,0.0107790546557918,3
79,2024-03-19,Home Decor,B,East,4003,706,5,0.2780749038993324,3
80,2024-03-20,Grocery,A,West,3352,662,2,0.0641094424710985,3
81,2024-03-21,Home Decor,C,North,2966,213,7,0.1260012222244214,3
82,2024-03-22,Grocery,A,West,1487,935,4,0.0029060648222903,3
83,2024-03-23,Electronics,A,North,2046,708,1,0.2573865272745171,3
84,2024-03-24,Grocery,D,South,1149,113,4,0.2193472033364751,3
85,2024-03-25,Home Decor,B,North,1468,140,6,0.2840268105521109,3
86,2024-03-26,Home Decor,A,North,3137,166,7,0.2344846437589197,3
87,2024-03-27,Fashion,A,South,1600,915,7,0.0941119536156195,3
88,2024-03-28,Electronics,D,North,940,316,7,0.074362007618527,3
89,2024-03-29,Grocery,D,West,1269,871,3,0.2093148922659878,3
90,2024-03-30,Fashion,B,North,1843,734,6,0.1092338325031498,3
91,2024-03-31,Grocery,D,South,4858,608,8,0.1698645047257849,3
92,2024-04-01,Grocery,C,West,4229,189,4,0.001877241307941,4
93,2024-04-02,Fashion,D,South,4406,295,8,0.0185657105041425,4
94,2024-04-03,Fashion,C,South,2077,710,2,0.1606103823544953,4
95,2024-04-04,Fashion,B,East,4508,807,9,0.1698214939344495,4
96,2024-04-05,Fashion,B,East,3851,444,9,0.225435883337803,4
97,2024-04-06,Fashion,B,South,2849,536,8,0.0395895958871885,4
98,2024-04-07,Grocery,B,South,4102,525,1,0.1539549251270336,4
99,2024-04-08,Fashion,B,South,1741,566,2,0.0583342933295065,4
100,2024-04-09,Electronics,C,East,1625,233,6,0.0279588358688084,4
101,2024-04-10,Home Decor,C,East,3101,69,5,0.1231487382181663,4
102,2024-04-11,Fashion,B,North,1690,986,9,0.0490009944267171,4
103,2024-04-12,Fashion,D,North,4631,607,5,0.0665345934576955,4
104,2024-04-13,Grocery,A,South,4948,573,2,0.0952663739608505,4
105,2024-04-14,Fashion,B,West,572,631,4,0.0778165202229588,4
106,2024-04-15,Fashion,D,West,2414,578,9,0.0262773892217839,4
107,2024-04-16,Fashion,A,East,2972,932,1,0.0269748734579106,4
108,2024-04-17,Grocery,B,East,3546,196,1,0.0579748245702504,4
109,2024-04-18,Fashion,B,East,1207,715,7,0.0151677563878616,4
110,2024-04-19,Home Decor,C,South,2304,353,3,0.1879371059030781,4
111,2024-04-20,Grocery,A,West,4213,669,2,0.0861980149526705,4
112,2024-04-21,Home Decor,A,North,3064,797,9,0.0839237903307213,4
113,2024-04-22,Grocery,D,South,2975,869,3,0.0995994882713295,4
114,2024-04-23,Fashion,C,North,4110,913,2,0.1988388822629165,4
115,2024-04-24,Home Decor,C,North,4755,631,8,0.2611901644450471,4
116,2024-04-25,Grocery,C,South,3323,744,6,0.2277260797666915,4
117,2024-04-26,Electronics,C,North,2235,811,6,0.2182587690675284,4
118,2024-04-27,Fashion,A,West,2085,277,7,0.1453173556802547,4
119,2024-04-28,Grocery,A,North,566,151,7,0.2081416670902235,4
120,2024-04-29,Electronics,B,West,3561,636,6,0.1658287104100749,4
121,2024-04-30,Grocery,B,West,2928,466,4,0.0648751584559586,4
122,2024-05-01,Electronics,C,West,4653,265,9,0.0625765103223152,5
123,2024-05-02,Fashion,C,East,841,456,6,0.088917602062585,5
124,2024-05-03,Home Decor,C,North,3274,448,4,0.2732408012909439,5
125,2024-05-04,Electronics,B,South,3317,972,3,0.1642244521139177,5
126,2024-05-05,Grocery,D,South,3161,764,4,0.2201716131005608,5
127,2024-05-06,Fashion,D,North,1732,753,3,0.1039676279449642,5
128,2024-05-07,Electronics,B,East,4374,810,2,0.1223147311995675,5
129,2024-05-08,Grocery,B,East,2901,548,5,0.0376696735911754,5
130,2024-05-09,Grocery,B,West,1994,803,2,0.0513884873465011,5
131,2024-05-10,Grocery,B,North,4711,514,6,0.2482069664478436,5
132,2024-05-11,Electronics,B,North,1161,740,3,0.1754515895066646,5
133,2024-05-12,Electronics,B,South,4383,998,6,0.1012597397651456,5
134,2024-05-13,Electronics,C,North,4119,780,9,0.2408553626986637,5
135,2024-05-14,Home Decor,C,East,2368,131,1,0.0739559716913949,5
136,2024-05-15,Electronics,C,North,2834,653,6,0.2928098095800611,5
137,2024-05-16,Electronics,C,South,3874,996,9,0.1034452823238509,5
138,2024-05-17,Electronics,B,West,1516,736,4,0.1011932862453682,5
139,2024-05-18,Home Decor,D,South,4906,800,2,0.0935735716610115,5
140,2024-05-19,Electronics,A,South,707,821,4,0.0366334547772863,5
141,2024-05-20,Grocery,B,West,3165,952,1,0.0333411441996037,5
142,2024-05-21,Electronics,A,South,2993,414,3,0.194431510360237,5
143,2024-05-22,Grocery,D,South,1132,212,9,0.2625354133674141,5
144,2024-05-23,Grocery,C,North,2602,97,5,0.237156153081502,5
145,2024-05-24,Grocery,D,North,3459,560,6,0.0423322782064053,5
146,2024-05-25,Home Decor,B,West,3583,378,3,0.1636746365376199,5
147,2024-05-26,Home Decor,C,North,2431,889,5,0.031677463792992,5
148,2024-05-27,Home Decor,B,North,4219,165,8,0.0135883930839232,5
149,2024-05-28,Electronics,C,South,3062,990,6,0.1969157578154301,5
150,2024-05-29,Grocery,A,East,2179,898,4,0.1605457001041051,5
151,2024-05-30,Home Decor,A,North,736,386,2,0.0246071055634412,5
152,2024-05-31,Home Decor,A,East,4943,930,9,0.0104817739217965,5
153,2024-06-01,Electronics,D,North,2040,786,1,0.2969269240228003,6
154,2024-06-02,Home Decor,B,North,4443,913,1,0.0090063996447215,6
155,2024-06-03,Electronics,D,West,863,889,4,0.1333584759150478,6
156,2024-06-04,Fashion,A,West,2868,196,7,0.1513857073823086,6
157,2024-06-05,Home Decor,B,West,785,624,1,0.0351840443401335,6
158,2024-06-06,Fashion,A,East,648,855,9,0.0507185335319148,6
159,2024-06-07,Electronics,D,South,4537,372,4,0.1055415019231057,6
160,2024-06-08,Grocery,D,North,2266,492,3,0.2285027628640987,6
161,2024-06-09,Home Decor,D,North,1512,886,1,0.15212472721808,6
162,2024-06-10,Electronics,A,North,3331,62,4,0.1913705623658884,6
163,2024-06-11,Grocery,B,East,3007,992,9,0.2955523665272024,6
164,2024-06-12,Grocery,B,West,2023,543,6,0.2304016305939628,6
165,2024-06-13,Fashion,A,South,3285,750,6,0.1303084494423653,6
166,2024-06-14,Electronics,B,East,3056,336,1,0.1339325765389646,6
167,2024-06-15,Grocery,A,West,4225,769,2,0.1856316231123015,6
168,2024-06-16,Home Decor,B,East,2101,163,6,0.1996095625256713,6
169,2024-06-17,Home Decor,C,South,2908,529,2,0.1502132777510013,6
170,2024-06-18,Fashion,C,West,840,71,3,0.1934583668444939,6
171,2024-06-19,Grocery,D,East,3317,398,4,0.0070597483242296,6
172,2024-06-20,Electronics,C,South,2996,775,5,0.1288868591690532,6
173,2024-06-21,Home Decor,C,North,2225,732,9,0.083681422822043,6
174,2024-06-22,Grocery,C,South,2189,884,4,0.0387523335729331,6
175,2024-06-23,Grocery,A,North,3767,615,9,0.0298639538426325,6
176,2024-06-24,Fashion,C,East,4906,955,3,0.1809576496844002,6
177,2024-06-25,Home Decor,C,West,761,859,8,0.1570801641457835,6
178,2024-06-26,Home Decor,D,West,1942,369,1,0.0760752350989107,6
179,2024-06-27,Electronics,C,East,905,175,9,0.1412850176317543,6
180,2024-06-28,Home Decor,C,West,2690,326,9,0.1476696945547224,6
181,2024-06-29,Electronics,B,West,4937,253,2,0.0585026941315847,6
182,2024-06-30,Home Decor,D,North,743,243,4,0.1956279185644951,6
183,2024-07-01,Fashion,D,East,4607,730,8,0.2342758069158271,7
184,2024-07-02,Home Decor,D,South,1060,713,7,0.2374390622668556,7
185,2024-07-03,Electronics,D,North,4637,596,1,0.1807409492110365,7
186,2024-07-04,Electronics,D,East,3225,745,5,0.1534915747557042,7
187,2024-07-05,Fashion,D,North,1093,335,7,0.0183021429016184,7
188,2024-07-06,Home Decor,A,South,2326,106,4,0.0863493896554817,7
189,2024-07-07,Home Decor,C,South,3729,783,1,0.0279814340334509,7
190,2024-07-08,Fashion,D,East,3787,352,9,0.2891469482635421,7
191,2024-07-09,Home Decor,C,South,4573,212,5,0.0405240438677282,7
192,2024-07-10,Home Decor,C,North,633,68,2,0.0455326229553306,7
193,2024-07-11,Electronics,A,South,3638,419,8,0.2668729854991476,7
194,2024-07-12,Home Decor,D,North,4419,313,2,0.2831784850429373,7
195,2024-07-13,Home Decor,B,North,572,843,3,0.2297487117704729,7
196,2024-07-14,Fashion,A,South,4994,162,1,0.0016214771018009,7
197,2024-07-15,Fashion,B,East,4725,537,2,0.0004038812869691,7
198,2024-07-16,Grocery,C,West,3478,376,7,0.1134302309362352,7
199,2024-07-17,Electronics,C,South,4861,591,2,0.0430186110032677,7
200,2024-07-18,Home Decor,A,North,2485,696,6,0.0055158426454791,7
201,2024-07-19,Home Decor,A,North,1292,628,3,0.1392200068213514,7
202,2024-07-20,Grocery,B,South,4759,114,4,0.2829185692220914,7
203,2024-07-21,Home Decor,D,East,594,341,8,0.0971458724707294,7
204,2024-07-22,Electronics,B,East,1633,74,3,0.1983422035286089,7
205,2024-07-23,Grocery,A,North,737,598,6,0.1956706059397322,7
206,2024-07-24,Electronics,B,North,3446,50,1,0.0753240310995503,7
207,2024-07-25,Grocery,A,East,3030,960,7,0.1951275746471593,7
208,2024-07-26,Grocery,B,West,2460,598,8,0.0637001922860673,7
209,2024-07-27,Fashion,A,South,1548,190,8,0.0366022240730667,7
210,2024-07-28,Electronics,A,North,3029,793,3,0.210414985667907,7
211,2024-07-29,Home Decor,A,North,3464,697,1,0.034032245131175,7
212,2024-07-30,Home Decor,D,East,1463,950,9,0.2990727655768065,7
213,2024-07-31,Electronics,B,South,1036,237,6,0.0550357203450687,7
214,2024-08-01,Home Decor,B,East,4723,177,9,0.1782425588269372,8
215,2024-08-02,Home Decor,B,South,4179,250,7,0.1234123714237768,8
216,2024-08-03,Electronics,A,South,4687,176,1,0.0379159267217001,8
217,2024-08-04,Grocery,B,South,4224,306,1,0.008353172273224,8
218,2024-08-05,Electronics,B,North,1042,725,6,0.1868196846878499,8
219,2024-08-06,Grocery,A,West,1345,596,5,0.2420272691367378,8
220,2024-08-07,Home Decor,C,East,4103,243,9,0.2526046984520232,8
221,2024-08-08,Home Decor,A,West,3536,752,2,0.1448140419230803,8
222,2024-08-09,Home Decor,B,East,2994,153,8,0.2332366401547156,8
223,2024-08-10,Fashion,A,South,4985,584,5,0.2018541400465634,8
224,2024-08-11,Grocery,C,North,3219,314,2,0.2172763582497399,8
225,2024-08-12,Fashion,A,West,2384,851,6,0.1477797015665442,8
226,2024-08-13,Fashion,B,North,4638,991,8,0.1900235220726381,8
227,2024-08-14,Electronics,C,East,4849,433,4,0.241657774072817,8
228,2024-08-15,Fashion,D,North,3701,309,2,0.1193652526671069,8
229,2024-08-16,Electronics,B,North,3210,463,5,0.2417936702602751,8
230,2024-08-17,Electronics,C,West,2453,407,2,0.1776050528367188,8
231,2024-08-18,Fashion,C,South,4350,124,2,0.0497703073112358,8
232,2024-08-19,Grocery,D,North,1189,404,6,0.0074052471673753,8
233,2024-08-20,Grocery,A,South,2450,633,9,0.1088260801197456,8
234,2024-08-21,Grocery,A,East,956,820,4,0.1640088984889019,8
235,2024-08-22,Grocery,B,North,2630,959,6,0.2519461056610465,8
236,2024-08-23,Grocery,D,West,4476,237,7,0.0382457040420738,8
237,2024-08-24,Fashion,A,East,4744,734,6,0.2400619043050737,8
238,2024-08-25,Fashion,D,East,1679,339,8,0.258902713820168,8
239,2024-08-26,Home Decor,A,West,4785,94,4,0.0452062461002501,8
240,2024-08-27,Grocery,C,North,4065,622,1,0.2554782957912657,8
241,2024-08-28,Fashion,A,North,1382,132,7,0.2974360703528376,8
242,2024-08-29,Home Decor,D,East,899,172,3,0.2180516493144712,8
243,2024-08-30,Grocery,C,North,1108,407,6,0.2354309045474963,8
244,2024-08-31,Electronics,C,South,2138,577,2,0.298324580267662,8
245,2024-09-01,Home Decor,C,West,2648,115,9,0.1816443751577836,9
246,2024-09-02,Fashion,D,South,1882,985,1,0.0923659146048748,9
247,2024-09-03,Electronics,B,North,1903,706,6,0.2512592502228167,9
248,2024-09-04,Electronics,B,East,1319,424,6,0.1843457332534893,9
249,2024-09-05,Electronics,B,West,3792,211,5,0.1743586271162869,9
250,2024-09-06,Home Decor,D,North,1319,795,5,0.0760906666542114,9
251,2024-09-07,Fashion,C,North,919,429,1,0.2269002808748659,9
252,2024-09-08,Electronics,B,East,4719,705,5,0.0245001827580288,9
253,2024-09-09,Grocery,D,East,3802,407,2,0.2772861212383983,9
254,2024-09-10,Electronics,B,South,2008,237,7,0.0977470382311454,9
255,2024-09-11,Electronics,A,West,1267,371,3,0.0383323958369971,9
256,2024-09-12,Home Decor,B,West,2544,499,4,0.1327099599307256,9
257,2024-09-13,Home Decor,B,East,2639,523,3,0.0127409727769599,9
258,2024-09-14,Fashion,C,South,3529,62,3,0.2053878582794898,9
259,2024-09-15,Grocery,D,West,2049,233,4,0.2708116531336068,9
260,2024-09-16,Home Decor,C,East,2264,160,5,0.2511789021415526,9
261,2024-09-17,Electronics,C,North,3145,976,1,0.0382108420343643,9
262,2024-09-18,Fashion,C,West,4216,557,4,0.0378813411323195,9
263,2024-09-19,Electronics,C,South,4981,339,8,0.2440303446972792,9
264,2024-09-20,Electronics,C,South,2793,344,7,0.2772762823809347,9
265,2024-09-21,Home Decor,B,South,3208,500,9,0.1382009489500467,9
266,2024-09-22,Fashion,C,North,1400,953,5,0.1496913350741297,9
267,2024-09-23,Grocery,C,West,3584,264,4,0.0954786124157177,9
268,2024-09-24,Grocery,D,West,2509,681,8,0.2682795354769242,9
269,2024-09-25,Home Decor,A,North,741,943,9,0.1934708715877068,9
270,2024-09-26,Home Decor,B,West,2885,616,7,0.0864754731502105,9
271,2024-09-27,Fashion,B,North,4768,76,7,0.0896348613162754,9
272,2024-09-28,Grocery,B,North,1171,679,5,0.2673600219190807,9
273,2024-09-29,Grocery,C,North,663,782,4,0.0040902071717464,9
274,2024-09-30,Grocery,C,South,964,280,1,0.0968179718179915,9
275,2024-10-01,Electronics,C,West,3542,614,7,0.1663070043649107,10
276,2024-10-02,Grocery,D,North,2942,856,1,0.0444652386297973,10
277,2024-10-03,Electronics,A,West,2855,370,1,0.0276296262598769,10
278,2024-10-04,Fashion,C,South,4778,962,5,0.2445828993271679,10
279,2024-10-05,Electronics,A,North,3057,282,9,0.2683213165945521,10
280,2024-10-06,Fashion,D,East,1045,719,6,0.2470819262394568,10
281,2024-10-07,Grocery,B,South,4335,486,3,0.2696363669212043,10
282,2024-10-08,Grocery,C,East,1093,830,3,0.1659335913175114,10
283,2024-10-09,Fashion,A,West,4304,582,7,0.2436774362971025,10
284,2024-10-10,Home Decor,A,West,1959,452,6,0.1152127915173301,10
285,2024-10-11,Fashion,C,South,3993,102,9,0.1998803584437115,10
286,2024-10-12,Home Decor,B,West,3101,836,6,0.2966506594167493,10
287,2024-10-13,Electronics,B,East,2944,362,5,0.0677183171517382,10
288,2024-10-14,Electronics,B,North,3172,330,7,0.1169699238873241,10
289,2024-10-15,Electronics,D,North,4700,775,1,0.1440142131930256,10
290,2024-10-16,Grocery,A,North,516,80,7,0.0414046461060155,10
291,2024-10-17,Electronics,A,South,3691,386,3,0.024311583139517,10
292,2024-10-18,Home Decor,A,West,892,232,9,0.2489168598964873,10
293,2024-10-19,Electronics,D,East,924,72,6,0.2930383118482758,10
294,2024-10-20,Fashion,A,West,1071,593,9,0.1214175191488975,10
295,2024-10-21,Fashion,D,West,4131,495,5,0.0262949508583959,10
296,2024-10-22,Grocery,B,West,1620,123,7,0.0197435282071729,10
297,2024-10-23,Fashion,C,North,741,59,4,0.2673954619080896,10
298,2024-10-24,Home Decor,A,East,4397,533,7,0.1391442749183039,10
299,2024-10-25,Electronics,A,East,4595,505,1,0.0960081949687175,10
300,2024-10-26,Grocery,B,West,2779,615,7,0.1429383813718198,10
301,2024-10-27,Electronics,C,North,1288,613,8,0.0954912284077042,10
302,2024-10-28,Electronics,D,North,1214,709,5,0.1467107325922859,10
303,2024-10-29,Home Decor,C,East,3349,209,2,0.257866919075381,10
304,2024-10-30,Fashion,B,North,1275,931,5,0.1776904113186287,10
305,2024-10-31,Fashion,B,North,4526,63,6,0.2083961318430526,10
306,2024-11-01,Electronics,C,North,2747,227,2,0.1094012028703009,11
307,2024-11-02,Grocery,D,South,578,461,6,0.2215517635531556,11
308,2024-11-03,Fashion,D,West,4426,927,6,0.1999851254638117,11
309,2024-11-04,Grocery,A,East,1355,102,1,0.0358685993256169,11
310,2024-11-05,Fashion,D,East,2648,457,1,0.1717928559346754,11
311,2024-11-06,Grocery,C,South,1531,896,3,0.0770230488929274,11
312,2024-11-07,Home Decor,B,West,3771,71,3,0.2412287008900778,11
313,2024-11-08,Grocery,A,East,4076,79,4,0.1277813125400818,11
314,2024-11-09,Home Decor,A,North,4682,752,2,0.2984052495589461,11
315,2024-11-10,Home Decor,B,East,3956,309,9,0.0277501313816891,11
316,2024-11-11,Grocery,D,North,4006,254,7,0.2341043588220475,11
317,2024-11-12,Home Decor,B,South,907,108,7,0.2021105200626469,11
318,2024-11-13,Electronics,D,North,3211,520,6,0.2302496491772116,11
319,2024-11-14,Home Decor,B,East,3588,825,3,0.0922589386471369,11
320,2024-11-15,Fashion,C,East,2168,515,6,0.1476163468147201,11
321,2024-11-16,Grocery,D,East,647,61,8,0.2389525559171125,11
322,2024-11-17,Electronics,C,South,4827,680,8,0.0697623994862565,11
323,2024-11-18,Grocery,A,South,4397,976,9,0.0678099590365956,11
324,2024-11-19,Fashion,B,West,2450,339,1,0.1653152859884797,11
325,2024-11-20,Fashion,A,East,865,899,1,0.1570690738589567,11
326,2024-11-21,Fashion,A,North,2174,809,3,0.0846787411238798,11
327,2024-11-22,Home Decor,A,South,4994,403,3,0.0894226951574468,11
328,2024-11-23,Home Decor,A,East,3046,688,8,0.0833535489619696,11
329,2024-11-24,Grocery,B,East,1062,124,1,0.2314536185995462,11
330,2024-11-25,Grocery,A,South,4062,922,2,0.1955702596687381,11
331,2024-11-26,Electronics,B,West,2989,765,2,0.2497251550230758,11
332,2024-11-27,Electronics,B,South,1272,610,3,0.2926419084942065,11
333,2024-11-28,Grocery,C,South,2537,640,6,0.1422492888815959,11
334,2024-11-29,Home Decor,D,North,3923,490,1,0.0200081644216346,11
335,2024-11-30,Fashion,D,North,3067,290,2,0.0144276931236106,11
336,2024-12-01,Grocery,B,West,2073,910,1,0.0886995117814857,12
337,2024-12-02,Electronics,C,East,4194,203,5,0.2797633768057352,12
338,2024-12-03,Home Decor,B,South,3791,835,7,0.1569639164912624,12
339,2024-12-04,Grocery,B,West,1746,145,8,0.0815359548240387,12
340,2024-12-05,Grocery,B,North,4219,775,1,0.1197500383533058,12
341,2024-12-06,Home Decor,C,South,4339,343,7,0.1795785322214012,12
342,2024-12-07,Grocery,D,East,859,258,5,0.1958848974413526,12
343,2024-12-08,Home Decor,C,North,2876,392,1,0.0461758529348715,12
344,2024-12-09,Fashion,A,North,3509,137,3,0.2931095029635527,12
345,2024-12-10,Home Decor,C,North,3493,867,7,0.1634316680948366,12
346,2024-12-11,Home Decor,C,West,1462,825,1,0.0407064953376837,12
347,2024-12-12,Home Decor,C,East,4132,986,7,0.2680905760038401,12
348,2024-12-13,Grocery,C,South,2327,439,5,0.0223915293238286,12
349,2024-12-14,Grocery,D,West,2113,374,1,0.2723206299532538,12
350,2024-12-15,Home Decor,A,West,2140,989,1,0.2989696968866947,12
351,2024-12-16,Grocery,D,West,2716,938,1,0.2101295397469511,12
352,2024-12-17,Electronics,D,North,4812,881,9,0.2311341663221969,12
353,2024-12-18,Electronics,C,East,877,206,3,0.1011908509402459,12
354,2024-12-19,Grocery,B,West,4714,717,5,0.2824730558201801,12
355,2024-12-20,Grocery,B,South,4785,700,9,0.1589141898325103,12
356,2024-12-21,Home Decor,D,East,869,682,6,0.2197165339792664,12
357,2024-12-22,Fashion,D,South,2696,626,9,0.2772323147733838,12
358,2024-12-23,Grocery,C,East,4247,668,8,0.2925539927926525,12
359,2024-12-24,Electronics,D,South,1151,708,8,0.2499613069790023,12
360,2024-12-25,Home Decor,C,North,1269,186,1,0.090905252094609,12
361,2024-12-26,Grocery,B,West,2921,972,9,0.2899642549656247,12
362,2024-12-27,Electronics,B,South,1280,723,6,0.1884358593730715,12
363,2024-12-28,Electronics,A,East,2216,477,9,0.2791927429055879,12
364,2024-12-29,Fashion,B,West,4483,501,3,0.2028315077443055,12
365,2024-12-30,Home Decor,D,West,1811,661,3,0.0921716885543161,12
366,2024-12-31,Home Decor,B,East,3859,899,6,0.1110073572428447,12
367,2025-01-01,Fashion,C,South,1022,960,9,0.1651415331308821,1
368,2025-01-02,Fashion,B,North,1021,868,7,0.2370044524679646,1
369,2025-01-03,Home Decor,A,North,2820,190,3,0.0953947654021004,1
370,2025-01-04,Home Decor,B,South,1435,132,3,0.1739193498402576,1
371,2025-01-05,Grocery,C,West,2730,226,2,0.1036874980729204,1
372,2025-01-06,Grocery,C,West,4540,247,9,0.2447308213905321,1
373,2025-01-07,Fashion,D,West,4197,673,3,0.1400184281303851,1
374,2025-01-08,Grocery,B,West,3337,617,5,0.0230168480558655,1
375,2025-01-09,Electronics,C,South,4583,740,9,0.0498157564444609,1
376,2025-01-10,Grocery,A,West,2961,470,8,0.0183314002858896,1
377,2025-01-11,Grocery,D,East,3743,450,2,0.1497908838042975,1
378,2025-01-12,Electronics,A,West,3859,747,3,0.0319011892044681,1
379,2025-01-13,Fashion,B,North,1185,520,2,0.0342419907928896,1
380,2025-01-14,Electronics,B,West,2660,267,8,0.2823144780115131,1
381,2025-01-15,Grocery,B,South,4488,974,6,0.2617965216528166,1
382,2025-01-16,Fashion,D,North,4566,978,6,0.1356259790434097,1
383,2025-01-17,Grocery,C,South,2067,877,9,0.2957415962550617,1
384,2025-01-18,Electronics,D,South,538,778,8,5.595845119893417e-05,1
385,2025-01-19,Electronics,A,North,3044,681,4,0.1841938368820181,1
386,2025-01-20,Grocery,D,South,1756,955,4,0.184928453211561,1
387,2025-01-21,Home Decor,A,South,3490,224,9,0.1372329167609664,1
388,2025-01-22,Home Decor,D,West,2696,72,1,0.1190843918802878,1
389,2025-01-23,Electronics,C,East,3968,774,2,0.1366149406441822,1
390,2025-01-24,Electronics,A,South,3208,966,2,0.1244881308239041,1
391,2025-01-25,Home Decor,B,South,801,284,6,0.2191477432446898,1
392,2025-01-26,Home Decor,B,South,1146,62,4,0.0406066304919852,1
393,2025-01-27,Grocery,D,West,2259,150,3,0.059291766177339,1
394,2025-01-28,Grocery,B,East,4851,978,3,0.054155468517727,1
395,2025-01-29,Home Decor,A,North,1097,585,3,0.0787411755363793,1
396,2025-01-30,Grocery,B,West,1161,925,6,0.157577525634475,1
397,2025-01-31,Grocery,C,West,4830,572,8,0.0333626242014656,1
398,2025-02-01,Fashion,C,East,1868,834,7,0.2604507885979512,2
399,2025-02-02,Grocery,D,East,3081,501,4,0.0892084593925417,2
400,2025-02-03,Electronics,A,West,4368,480,4,0.0487613962406123,2
401,2025-02-04,Grocery,C,North,4037,842,2,0.202686392879473,2
402,2025-02-05,Grocery,C,West,4808,655,1,0.0114258901797957,2
403,2025-02-06,Home Decor,A,East,782,762,9,0.1859905694622492,2
404,2025-02-07,Electronics,B,North,4178,582,2,0.2094595292029499,2
405,2025-02-08,Grocery,B,East,1986,901,8,0.0644749594160157,2
406,2025-02-09,Grocery,D,North,4582,772,9,0.0125892220330902,2
407,2025-02-10,Fashion,B,South,4683,701,4,0.1090936076758348,2
408,2025-02-11,Grocery,A,East,960,342,8,0.0295782690725809,2
409,2025-02-12,Grocery,C,East,2825,859,9,0.0349433549020011,2
410,2025-02-13,Fashion,B,West,4254,962,5,0.0762783694334593,2
411,2025-02-14,Home Decor,D,East,2968,150,7,0.0886403773880277,2
412,2025-02-15,Grocery,B,East,2224,551,4,0.1589911023064261,2
413,2025-02-16,Fashion,A,South,1876,353,1,0.2035175656509039,2
414,2025-02-17,Electronics,D,East,3243,920,3,0.1778312822610554,2
415,2025-02-18,Home Decor,B,South,1014,589,5,0.044508101186855,2
416,2025-02-19,Electronics,D,South,1202,602,3,0.0516258097357879,2
417,2025-02-20,Electronics,A,South,2153,404,7,0.2636307749378743,2
418,2025-02-21,Fashion,C,South,2566,352,9,0.167505694519234,2
419,2025-02-22,Grocery,A,North,522,545,6,0.2609813498693067,2
420,2025-02-23,Fashion,A,West,2960,707,1,0.1114639533959623,2
421,2025-02-24,Fashion,A,North,1804,817,7,0.1843200022293971,2
422,2025-02-25,Fashion,A,East,3800,276,3,0.1570990248163832,2
423,2025-02-26,Fashion,C,North,861,285,5,0.0957370469461387,2
424,2025-02-27,Home Decor,C,North,4227,922,4,0.1409746116100786,2
425,2025-02-28,Grocery,D,East,1784,941,5,0.1507472630480796,2
426,2025-03-01,Electronics,B,East,1014,504,5,0.0602312924270035,3
427,2025-03-02,Electronics,C,East,948,62,6,0.0945031117130194,3
428,2025-03-03,Grocery,C,North,2355,259,6,0.2374229251520926,3
429,2025-03-04,Electronics,B,North,4062,790,8,0.2747364718362381,3
430,2025-03-05,Grocery,C,East,3020,446,8,0.1079382280635898,3
431,2025-03-06,Electronics,A,West,3581,149,9,0.0920916846627054,3
432,2025-03-07,Fashion,A,West,1928,80,8,0.0585591493715647,3
433,2025-03-08,Electronics,B,South,4467,947,2,0.2035473505951743,3
434,2025-03-09,Grocery,D,East,1422,577,1,0.0969299104999011,3
435,2025-03-10,Grocery,D,South,3637,698,2,0.2963248617297565,3
436,2025-03-11,Grocery,B,West,2659,378,2,0.0977054406191859,3
437,2025-03-12,Grocery,B,South,3047,215,3,0.1182408140347884,3
438,2025-03-13,Grocery,A,East,3479,508,7,0.1810002588636104,3
439,2025-03-14,Home Decor,D,East,2781,871,2,0.2405052879573914,3
440,2025-03-15,Home Decor,C,East,3149,149,1,0.1408555996036901,3
441,2025-03-16,Electronics,A,North,813,670,6,0.1267968101366875,3
442,2025-03-17,Grocery,B,South,3113,904,9,0.2986913500784425,3
443,2025-03-18,Electronics,D,West,3583,222,3,0.0031480923419833,3
444,2025-03-19,Grocery,C,West,2756,798,6,0.2685195866553737,3
445,2025-03-20,Grocery,C,West,1537,211,3,0.0447422477819212,3
446,2025-03-21,Home Decor,A,North,3989,954,1,0.235777582862674,3
447,2025-03-22,Home Decor,D,North,3134,777,5,0.1853794679538894,3
448,2025-03-23,Fashion,D,East,4483,825,4,0.1025541856494276,3
449,2025-03-24,Home Decor,B,West,2278,312,7,0.2621624866563055,3
450,2025-03-25,Fashion,D,North,4395,853,6,0.0038721683942975,3
451,2025-03-26,Fashion,D,East,1624,323,7,0.0680071956224771,3
452,2025-03-27,Fashion,A,West,1197,52,5,0.1700678388748608,3
453,2025-03-28,Fashion,D,South,2679,77,4,0.1054626780149094,3
454,2025-03-29,Fashion,C,East,1904,375,7,0.1831132485954983,3
455,2025-03-30,Electronics,A,North,1543,989,7,0.0072330580226,3
456,2025-03-31,Home Decor,A,North,2429,198,6,0.0349376791445137,3
457,2025-04-01,Fashion,B,East,1513,589,8,0.0381288720655317,4
458,2025-04-02,Grocery,D,East,726,537,4,0.0567850937748028,4
459,2025-04-03,Home Decor,B,North,2328,871,5,0.1377994322401628,4
460,2025-04-04,Home Decor,C,South,2523,487,4,0.2256386098630713,4
461,2025-04-05,Fashion,A,West,2952,114,1,0.2716616513786703,4
462,2025-04-06,Electronics,A,South,2585,405,8,0.2506117590852738,4
463,2025-04-07,Fashion,A,East,4783,582,1,0.059066361532705,4
464,2025-04-08,Electronics,C,South,1580,301,5,0.1323451656691897,4
465,2025-04-09,Grocery,C,North,2820,284,6,0.0598234793275605,4
466,2025-04-10,Home Decor,B,East,3690,276,6,0.0793415450001572,4
467,2025-04-11,Grocery,B,West,3130,574,5,0.1510640944535658,4
468,2025-04-12,Electronics,B,North,3063,362,3,0.0204327074170567,4
469,2025-04-13,Electronics,D,North,3792,98,5,0.0654522988779819,4
470,2025-04-14,Grocery,A,West,4086,167,8,0.2806134483921351,4
471,2025-04-15,Electronics,A,West,4931,103,2,0.1398348877975467,4
472,2025-04-16,Grocery,B,South,3447,699,6,0.1336159577933616,4
473,2025-04-17,Home Decor,A,East,4459,614,9,0.0043701464253836,4
474,2025-04-18,Grocery,B,West,3313,93,8,0.0742199241175037,4
475,2025-04-19,Home Decor,D,West,3083,864,8,0.2598877307946544,4
476,2025-04-20,Grocery,D,East,661,102,8,0.0493885284776006,4
477,2025-04-21,Electronics,C,West,1093,635,7,0.1245374818604163,4
478,2025-04-22,Grocery,D,West,3759,607,8,0.0042992717601003,4
479,2025-04-23,Electronics,B,South,4655,574,6,0.1435006445011667,4
480,2025-04-24,Grocery,D,North,3462,726,2,0.0063063320178651,4
481,2025-04-25,Grocery,C,North,4388,151,2,0.2458828659197399,4
482,2025-04-26,Fashion,A,North,3890,841,8,0.247456130246131,4
483,2025-04-27,Electronics,B,North,1163,819,1,0.2363226564907109,4
484,2025-04-28,Fashion,A,West,1632,898,6,0.0850092206673354,4
485,2025-04-29,Electronics,C,East,1041,917,6,0.2511711654665454,4
486,2025-04-30,Fashion,C,East,3474,447,4,0.1628994397815807,4
487,2025-05-01,Home Decor,C,South,1367,187,3,0.1121424326601007,5
488,2025-05-02,Grocery,A,South,2566,724,3,0.1875989879112699,5
489,2025-05-03,Electronics,A,West,931,970,1,0.0037023138181122,5
490,2025-05-04,Electronics,A,East,4778,436,3,0.0428882632802256,5
491,2025-05-05,Grocery,A,East,1706,160,4,0.2226880614510788,5
492,2025-05-06,Electronics,C,North,3028,663,5,0.0732484826148459,5
493,2025-05-07,Electronics,C,West,1669,66,3,0.1794027351986248,5
494,2025-05-08,Fashion,B,West,1330,829,6,0.1155307808469088,5
495,2025-05-09,Electronics,B,North,2151,231,5,0.2564417336397784,5
496,2025-05-10,Home Decor,A,West,1636,933,3,0.285724591798993,5
497,2025-05-11,Home Decor,D,West,3310,585,6,0.2650694185110571,5
498,2025-05-12,Grocery,D,South,975,590,6,0.081185998408079,5
499,2025-05-13,Electronics,C,East,3310,220,8,0.0582488607138246,5
500,2025-05-14,Grocery,C,West,1826,458,2,0.1423304680862205,5
501,2025-05-15,Home Decor,C,South,1519,789,1,0.002200245250854,5
502,2025-05-16,Electronics,B,East,2336,427,4,0.0077428178589545,5
503,2025-05-17,Electronics,B,North,4756,237,7,0.1659871918869,5
504,2025-05-18,Grocery,C,South,2948,907,3,0.1561348212495857,5
505,2025-05-19,Home Decor,C,South,4793,279,3,0.298374596710578,5
506,2025-05-20,Electronics,C,East,1783,882,5,0.0605525506091274,5
507,2025-05-21,Grocery,D,North,1159,901,5,0.0774311787481405,5
508,2025-05-22,Home Decor,B,South,2510,168,3,0.034062192697886,5
509,2025-05-23,Grocery,D,West,898,205,9,0.2752629028961234,5
510,2025-05-24,Fashion,D,West,2233,833,4,0.2333433733375352,5
511,2025-05-25,Electronics,C,West,2625,736,3,0.2467017334370542,5
512,2025-05-26,Fashion,C,North,2671,514,2,0.2708291363893526,5
513,2025-05-27,Home Decor,A,South,574,153,9,0.1574699960177514,5
514,2025-05-28,Fashion,A,West,3971,653,4,0.135357957435217,5
515,2025-05-29,Fashion,D,North,1336,747,3,0.0991174420996849,5
516,2025-05-30,Home Decor,B,West,999,844,7,0.1767643843043566,5
517,2025-05-31,Grocery,C,East,637,551,8,0.1362835190369467,5
518,2025-06-01,Fashion,C,South,2597,742,2,0.1354696759816725,6
519,2025-06-02,Grocery,D,South,4196,731,7,0.2810783591193416,6
520,2025-06-03,Fashion,A,North,2385,748,5,0.295209454283739,6
521,2025-06-04,Grocery,B,North,3257,224,5,0.2389453167988742,6
522,2025-06-05,Home Decor,A,South,4420,783,3,0.2270274270740784,6
523,2025-06-06,Fashion,A,West,2400,794,5,0.2041674485337304,6
524,2025-06-07,Home Decor,A,West,3110,723,2,0.0498224557000541,6
525,2025-06-08,Fashion,A,East,4486,470,4,0.0177317462626963,6
526,2025-06-09,Home Decor,C,West,1949,183,6,0.2072178945339789,6
527,2025-06-10,Home Decor,C,North,1046,440,1,0.2186358666769728,6
528,2025-06-11,Fashion,A,North,2503,785,4,0.0140918973294419,6
529,2025-06-12,Fashion,B,West,2596,550,6,0.2784155250686544,6
530,2025-06-13,Fashion,D,North,1203,714,9,0.0273421918334032,6
531,2025-06-14,Electronics,B,South,2903,82,2,0.0857701601313607,6
532,2025-06-15,Grocery,B,South,2125,104,7,0.2017169438396113,6
533,2025-06-16,Electronics,B,West,3831,568,6,0.0509617783213428,6
534,2025-06-17,Electronics,A,South,3478,805,2,0.0166247665326733,6
535,2025-06-18,Home Decor,C,South,3339,874,8,0.0993439467492449,6
536,2025-06-19,Fashion,B,East,3884,687,7,0.2297914724565537,6
537,2025-06-20,Grocery,A,East,3159,61,5,0.1241036036955781,6
538,2025-06-21,Home Decor,B,South,2361,577,5,0.1958918765723818,6
539,2025-06-22,Electronics,B,West,3356,769,7,0.173885729168441,6
540,2025-06-23,Fashion,A,East,1185,604,9,0.0066655446076741,6
541,2025-06-24,Home Decor,C,North,4783,422,9,0.296561996113712,6
542,2025-06-25,Fashion,C,North,2119,533,9,0.0124284266458163,6
543,2025-06-26,Home Decor,D,North,1931,696,6,0.2903408212945454,6
544,2025-06-27,Fashion,A,West,1375,277,6,0.1649592535093194,6
545,2025-06-28,Electronics,D,South,2961,672,3,0.2889477081195199,6
546,2025-06-29,Grocery,D,North,1865,356,1,0.0344260798241506,6
547,2025-06-30,Electronics,D,West,1743,506,7,0.1471225557556539,6
548,2025-07-01,Grocery,C,East,662,209,4,0.0508512275598175,7
549,2025-07-02,Fashion,A,South,2474,380,1,0.0152924631067327,7
550,2025-07-03,Home Decor,D,East,3791,825,8,0.1852587345186934,7
551,2025-07-04,Electronics,A,West,769,274,6,0.0623350262885074,7
552,2025-07-05,Grocery,A,North,1131,778,6,0.1763091054862637,7
553,2025-07-06,Electronics,C,North,1405,553,2,0.0337093445846956,7
554,2025-07-07,Grocery,D,West,3971,505,1,0.0995959414298108,7
555,2025-07-08,Electronics,D,North,3753,94,2,0.2344897674159741,7
556,2025-07-09,Grocery,A,South,2514,263,4,0.1311154565526563,7
557,2025-07-10,Grocery,B,West,2141,108,2,0.1883236244692009,7
558,2025-07-11,Fashion,C,East,704,693,1,0.1942373822236638,7
559,2025-07-12,Grocery,C,West,1081,665,7,0.253126513196188,7
560,2025-07-13,Fashion,C,South,1340,244,8,0.0974768383219923,7
561,2025-07-14,Grocery,C,South,2219,974,6,0.2061886687747552,7
562,2025-07-15,Home Decor,D,West,3143,538,4,0.2884847421138496,7
563,2025-07-16,Home Decor,D,West,2797,206,6,0.2190730003073604,7
564,2025-07-17,Home Decor,B,North,1374,659,3,0.1469611430153233,7
565,2025-07-18,Grocery,C,South,1189,275,8,0.1892152333475787,7
566,2025-07-19,Fashion,C,West,4500,461,2,0.2219048693289324,7
567,2025-07-20,Fashion,A,West,3641,254,5,0.1836827297081617,7
568,2025-07-21,Grocery,D,South,1922,128,1,0.0050027440469517,7
569,2025-07-22,Home Decor,C,West,1171,173,6,0.0584320493061677,7
570,2025-07-23,Home Decor,B,North,1671,520,2,0.2431404651646398,7
571,2025-07-24,Fashion,B,South,4226,989,4,0.0817951941937454,7
572,2025-07-25,Home Decor,D,North,1443,267,6,0.2194686358683401,7
573,2025-07-26,Electronics,B,North,1949,565,8,0.1116360645725096,7
574,2025-07-27,Fashion,B,North,4237,651,8,0.1565652984473829,7
575,2025-07-28,Home Decor,D,North,3039,153,6,0.0203919899458211,7
576,2025-07-29,Fashion,C,South,4459,442,4,0.0543676683149128,7
577,2025-07-30,Electronics,C,North,4760,680,8,0.2871590890557703,7
578,2025-07-31,Fashion,B,North,2861,694,8,0.2670414160340741,7
579,2025-08-01,Fashion,B,West,4152,873,1,0.195682533269715,8
580,2025-08-02,Fashion,C,South,4170,657,4,0.1378933792157212,8
581,2025-08-03,Fashion,D,South,2253,483,4,0.2027283878685671,8
582,2025-08-04,Electronics,B,East,2852,380,7,0.1855830867281817,8
583,2025-08-05,Grocery,A,South,2438,192,7,0.1705656766813836,8
584,2025-08-06,Fashion,D,South,870,849,8,0.0177531215590625,8
585,2025-08-07,Fashion,B,East,4979,589,5,0.189840783198452,8
586,2025-08-08,Home Decor,B,South,2431,327,7,0.2306760133713505,8
587,2025-08-09,Fashion,A,South,924,282,8,0.2982244963936726,8
588,2025-08-10,Home Decor,A,South,1394,578,9,0.0033235657782929,8
589,2025-08-11,Grocery,C,South,1097,620,3,0.2190520359932029,8
590,2025-08-12,Electronics,D,East,3562,139,3,0.1715367947807941,8
591,2025-08-13,Electronics,D,South,2836,541,4,0.130215652824287,8
592,2025-08-14,Grocery,C,South,2187,248,5,0.0382710523714112,8
593,2025-08-15,Electronics,D,East,1072,411,1,0.1227255445904628,8
594,2025-08-16,Grocery,D,West,2590,490,7,0.1063131548958405,8
595,2025-08-17,Grocery,D,North,4169,75,9,0.0908489666936226,8
596,2025-08-18,Grocery,D,West,4772,74,8,0.2192638869966623,8
597,2025-08-19,Electronics,D,East,2133,443,5,0.2102176563852791,8
598,2025-08-20,Home Decor,A,North,2017,556,4,0.1767060272942734,8
599,2025-08-21,Grocery,D,East,4793,350,7,0.2815994439880117,8
600,2025-08-22,Fashion,A,East,3157,388,5,0.1049563152542563,8
601,2025-08-23,Electronics,D,South,4148,316,7,0.0731405813130538,8
602,2025-08-24,Grocery,C,North,4088,510,1,0.1967709939295198,8
603,2025-08-25,Grocery,B,South,2037,742,1,0.0596442182812208,8
604,2025-08-26,Fashion,A,North,3637,505,3,0.0945031521550273,8
605,2025-08-27,Home Decor,D,East,597,409,2,0.0673807320224654,8
606,2025-08-28,Home Decor,C,East,3715,117,2,0.0207460703155503,8
607,2025-08-29,Home Decor,B,West,4250,912,7,0.248249622490702,8
608,2025-08-30,Grocery,A,North,3657,461,2,0.0763621628764983,8
609,2025-08-31,Grocery,B,South,843,540,4,0.1419082510029062,8
610,2025-09-01,Grocery,C,West,1110,882,2,0.0129945819762935,9
611,2025-09-02,Electronics,A,West,2227,98,6,0.2098018398757929,9
612,2025-09-03,Fashion,B,West,2790,736,8,0.0991683006918872,9
613,2025-09-04,Grocery,D,South,2354,613,4,0.223421018348763,9
614,2025-09-05,Fashion,A,West,3108,151,5,0.1237209181403598,9
615,2025-09-06,Fashion,B,South,2579,265,4,0.0587266819216873,9
616,2025-09-07,Home Decor,C,West,2824,487,3,0.1539525246846107,9
617,2025-09-08,Electronics,C,South,1677,749,5,0.0391513678912319,9
618,2025-09-09,Grocery,A,East,1591,618,9,0.1321617479618984,9
619,2025-09-10,Home Decor,B,East,3291,608,8,0.0951916432261459,9
620,2025-09-11,Home Decor,A,East,2249,208,8,0.2735878752598899,9
621,2025-09-12,Grocery,A,East,3175,538,8,0.0182786165162159,9
622,2025-09-13,Fashion,B,East,1281,735,8,0.2082052242317226,9
623,2025-09-14,Home Decor,B,West,3548,291,7,0.0548253497962307,9
624,2025-09-15,Fashion,D,West,2605,843,8,0.0957135222996719,9
625,2025-09-16,Electronics,B,West,4367,802,8,0.1246542189186197,9
626,2025-09-17,Fashion,C,South,2613,931,8,0.2724045268124923,9
627,2025-09-18,Electronics,A,South,4470,54,7,0.0727734798221475,9
628,2025-09-19,Fashion,A,South,2491,645,1,0.027392640763401,9
629,2025-09-20,Home Decor,C,South,1567,869,4,0.095606881197157,9
630,2025-09-21,Home Decor,B,East,2077,410,4,0.03140279116066,9
631,2025-09-22,Electronics,C,East,1511,508,5,0.0385789457881657,9
632,2025-09-23,Grocery,C,East,2774,297,6,0.172155179392508,9
633,2025-09-24,Electronics,D,North,2314,615,4,0.0182705799298479,9
634,2025-09-25,Electronics,C,West,2926,722,2,0.0092792644180698,9
635,2025-09-26,Fashion,A,South,4902,995,6,0.2143242304411493,9
636,2025-09-27,Fashion,C,South,3051,471,8,0.1084941284523133,9
637,2025-09-28,Electronics,A,East,4157,972,8,0.0376126047701619,9
638,2025-09-29,Home Decor,A,South,507,787,7,0.0760838312579124,9
639,2025-09-30,Fashion,A,South,3055,64,6,0.1926259522057197,9
640,2025-10-01,Grocery,B,West,975,785,2,0.0826609701422553,10
641,2025-10-02,Fashion,D,East,2711,622,7,0.1483563375361223,10
642,2025-10-03,Fashion,A,West,984,171,5,0.0365085920180016,10
643,2025-10-04,Grocery,A,North,2785,326,6,0.1764280912816341,10
644,2025-10-05,Electronics,B,North,4025,607,8,0.0948233051529792,10
645,2025-10-06,Grocery,A,North,3839,502,8,0.1880905303586149,10
646,2025-10-07,Electronics,C,East,3322,439,3,0.2425184646912068,10
647,2025-10-08,Electronics,C,South,3424,343,7,0.1834939258169977,10
648,2025-10-09,Electronics,D,East,758,623,1,0.0887242687785062,10
649,2025-10-10,Grocery,A,East,782,647,1,0.0767231104644901,10
650,2025-10-11,Electronics,B,South,2398,495,7,0.0982262876200344,10
651,2025-10-12,Home Decor,C,West,4635,259,9,0.0493861539709514,10
652,2025-10-13,Grocery,B,North,3476,639,7,0.054351555255006,10
653,2025-10-14,Home Decor,B,West,2767,763,5,0.2372073305700503,10
654,2025-10-15,Electronics,C,North,3700,351,8,0.1154197729522334,10
655,2025-10-16,Fashion,B,East,1112,958,2,0.1307985541711757,10
656,2025-10-17,Electronics,C,North,1187,272,9,0.1782148396700433,10
657,2025-10-18,Home Decor,B,East,4190,783,6,0.1768960485454642,10
658,2025-10-19,Home Decor,C,West,1112,52,9,0.0202130614565777,10
659,2025-10-20,Grocery,A,East,2807,567,2,0.2494622359012996,10
660,2025-10-21,Fashion,D,West,3513,142,3,0.0531979659671818,10
661,2025-10-22,Grocery,C,South,2281,569,8,0.2169214908149006,10
662,2025-10-23,Home Decor,C,South,3091,477,1,0.2318012964384499,10
663,2025-10-24,Electronics,D,South,3196,542,7,0.2144698602273941,10
664,2025-10-25,Fashion,C,East,4458,284,7,0.1736932939662435,10
665,2025-10-26,Electronics,C,South,1074,669,1,0.0043826991326648,10
666,2025-10-27,Electronics,B,North,2410,210,9,0.1081126477089512,10
667,2025-10-28,Fashion,D,West,4104,770,8,0.1814518288087743,10
668,2025-10-29,Grocery,A,West,1169,801,4,0.1162353887767616,10
669,2025-10-30,Electronics,C,North,4864,380,5,0.2590439684738439,10
670,2025-10-31,Home Decor,D,East,1783,382,2,0.0926406826048846,10
671,2025-11-01,Electronics,B,East,1423,99,9,0.0880604377375981,11
672,2025-11-02,Fashion,A,West,1625,572,6,0.0797993079277974,11
673,2025-11-03,Fashion,D,South,2029,912,3,0.0998342606882386,11
674,2025-11-04,Fashion,A,East,2094,717,7,0.1672214892942561,11
675,2025-11-05,Grocery,A,East,746,541,9,0.2121045882817772,11
676,2025-11-06,Electronics,A,North,4211,631,3,0.1987703753216355,11
677,2025-11-07,Grocery,C,North,2060,730,2,0.2423153459944438,11
678,2025-11-08,Grocery,C,South,2900,321,7,0.2657741986492274,11
679,2025-11-09,Fashion,B,East,2743,629,7,0.2448237127030053,11
680,2025-11-10,Fashion,B,East,4364,916,4,0.0056836210123063,11
681,2025-11-11,Grocery,D,North,2439,301,9,0.2207753860655966,11
682,2025-11-12,Electronics,B,East,3569,609,8,0.0625198720854994,11
683,2025-11-13,Home Decor,A,West,726,745,1,0.0398784128123947,11
684,2025-11-14,Grocery,A,North,4047,881,1,0.1915466354397406,11
685,2025-11-15,Electronics,C,South,764,748,5,0.0959229586223084,11
686,2025-11-16,Fashion,A,North,1895,139,6,0.0171351490111329,11
687,2025-11-17,Fashion,D,East,4057,495,3,0.0412889203195084,11
688,2025-11-18,Electronics,A,South,1145,381,9,0.0002788250609883,11
689,2025-11-19,Home Decor,A,North,3490,188,6,0.2709670882034122,11
690,2025-11-20,Fashion,D,West,2399,406,4,0.0073853951523715,11
691,2025-11-21,Fashion,B,West,3004,650,7,0.0628367308528533,11
692,2025-11-22,Fashion,B,North,3272,323,8,0.1248788342063721,11
693,2025-11-23,Electronics,D,West,1654,68,9,0.1069713977852457,11
694,2025-11-24,Grocery,C,West,1087,360,6,0.2735177630738327,11
695,2025-11-25,Fashion,A,West,2321,919,6,0.0120866837203626,11
696,2025-11-26,Grocery,D,South,1485,935,8,0.1536644123031154,11
697,2025-11-27,Home Decor,A,West,4579,203,5,0.2041438387573121,11
698,2025-11-28,Fashion,C,West,3848,439,3,0.2795093921043506,11
699,2025-11-29,Fashion,A,West,4331,309,3,0.1861113756371163,11
700,2025-11-30,Home Decor,D,South,1741,669,6,0.2411265708035287,11
701,2025-12-01,Fashion,A,North,689,932,2,0.0251174813536045,12
702,2025-12-02,Grocery,B,East,1480,846,6,0.1157818532810782,12
703,2025-12-03,Electronics,C,West,2198,620,6,0.1121841403437202,12
704,2025-12-04,Grocery,C,North,2215,174,8,0.2658864649367153,12
705,2025-12-05,Electronics,C,West,3093,403,7,0.0454113513789824,12
706,2025-12-06,Electronics,D,South,4636,322,8,0.045565851700989,12
707,2025-12-07,Grocery,C,North,4933,668,9,0.0985674449657395,12
708,2025-12-08,Grocery,B,South,1598,860,6,0.0163398142100512,12
709,2025-12-09,Grocery,D,West,2826,294,3,0.054737412195747,12
710,2025-12-10,Grocery,B,West,3747,897,3,0.2895628915637205,12
711,2025-12-11,Home Decor,A,South,1395,499,1,0.1284551819601518,12
712,2025-12-12,Fashion,A,East,2174,979,5,0.1896057625267309,12
713,2025-12-13,Electronics,A,South,3409,296,4,0.217833377803391,12
714,2025-12-14,Grocery,A,West,1430,569,9,0.1100884221021601,12
715,2025-12-15,Grocery,B,South,4884,190,9,0.044168122323155,12
716,2025-12-16,Grocery,D,East,1223,411,5,0.0619743048665342,12
717,2025-12-17,Home Decor,D,South,3440,57,4,0.0939799429741831,12
718,2025-12-18,Grocery,C,East,1589,527,7,0.1908205261056677,12
719,2025-12-19,Grocery,B,East,1435,401,6,0.1194841647267163,12
720,2025-12-20,Grocery,A,South,2795,544,4,0.0020444093700384,12
721,2025-12-21,Fashion,B,South,655,655,2,0.1570221555202415,12
722,2025-12-22,Home Decor,C,North,1570,882,1,0.2764540175722254,12
723,2025-12-23,Grocery,C,West,2458,476,4,0.2436232833026037,12
724,2025-12-24,Electronics,B,East,3001,88,4,0.2475634113778893,12
725,2025-12-25,Electronics,B,North,4719,642,1,0.2385174052818393,12
726,2025-12-26,Electronics,B,South,4330,236,6,0.097119247683127,12
727,2025-12-27,Home Decor,D,West,1354,645,4,0.2295581501263175,12
728,2025-12-28,Home Decor,A,North,1139,649,1,0.0429484073433579,12
729,2025-12-29,Electronics,B,East,2738,803,1,0.197314844182786,12
730,2025-12-30,Grocery,B,North,2102,903,1,0.1924705700054983,12
731,2025-12-31,Home Decor,B,East,941,142,8,0.0076709397269204,12
732,2026-01-01,Electronics,C,South,1836,135,8,0.2363910400772794,1
733,2026-01-02,Electronics,C,West,4200,93,2,0.2709744315285392,1
734,2026-01-03,Grocery,D,West,1448,186,7,0.0802245835416323,1
735,2026-01-04,Fashion,A,West,3873,470,8,0.2437172172558452,1
736,2026-01-05,Home Decor,D,South,959,123,8,0.0247217915585844,1
737,2026-01-06,Grocery,A,East,892,597,7,0.1799903574783198,1
738,2026-01-07,Electronics,C,South,4438,662,5,0.1456940596002831,1
739,2026-01-08,Electronics,C,West,2287,561,1,0.1637770599927,1
740,2026-01-09,Grocery,C,South,2757,205,9,0.2778615605653035,1
741,2026-01-10,Home Decor,D,South,1638,987,7,0.261394574174056,1
742,2026-01-11,Fashion,B,South,4308,304,2,0.2355250971719271,1
743,2026-01-12,Fashion,B,East,2954,220,6,0.0821095373035113,1
744,2026-01-13,Electronics,C,North,1966,777,2,0.2735455886058275,1
745,2026-01-14,Home Decor,B,North,4174,219,1,0.0292523077391625,1
746,2026-01-15,Fashion,B,South,1877,813,7,0.2559987649676363,1
747,2026-01-16,Home Decor,D,North,3097,921,2,0.0984480217060823,1
748,2026-01-17,Home Decor,A,North,641,371,2,0.016131693498595,1
749,2026-01-18,Electronics,C,South,3159,616,5,0.2008070952722244,1
750,2026-01-19,Fashion,C,South,1339,505,5,0.0693839784947866,1
751,2026-01-20,Grocery,D,West,4118,993,7,0.0730713377593895,1
752,2026-01-21,Electronics,D,North,4417,652,1,0.0918141498686314,1
753,2026-01-22,Fashion,B,East,1095,839,8,0.019105430250755,1
754,2026-01-23,Fashion,C,South,2404,662,3,0.0531381432594762,1
755,2026-01-24,Fashion,A,West,780,204,4,0.001541888275668,1
756,2026-01-25,Fashion,D,East,923,938,9,0.133622856331736,1
757,2026-01-26,Fashion,A,North,4865,398,4,0.0252766132253913,1
758,2026-01-27,Home Decor,A,West,4749,500,5,0.2047957815132597,1
759,2026-01-28,Electronics,C,South,2250,925,7,0.0706868553574945,1
760,2026-01-29,Home Decor,C,East,2467,702,4,0.2830722432105531,1
761,2026-01-30,Grocery,D,South,4588,222,1,0.2613754882195958,1
762,2026-01-31,Fashion,C,North,4678,59,9,0.0868322684904624,1
763,2026-02-01,Electronics,C,East,3446,789,4,0.2349646363970036,2
764,2026-02-02,Fashion,C,North,1949,314,9,0.2409734713994418,2
765,2026-02-03,Electronics,A,North,2831,487,6,0.2959689342343231,2
766,2026-02-04,Home Decor,D,West,2720,809,1,0.1793519960537054,2
767,2026-02-05,Electronics,B,South,4289,296,3,0.0245897203930986,2
768,2026-02-06,Grocery,A,East,3310,716,2,0.1940511686779142,2
769,2026-02-07,Grocery,C,North,2031,595,9,0.1874939245128105,2
770,2026-02-08,Electronics,A,North,3490,548,1,0.1915051732261295,2
771,2026-02-09,Electronics,C,East,4993,178,9,0.0921436944312634,2
772,2026-02-10,Electronics,C,North,1643,721,9,0.2579038755240999,2
773,2026-02-11,Electronics,A,West,1433,650,8,0.2878416548866235,2
774,2026-02-12,Grocery,D,West,1960,654,8,0.0653137538934454,2
775,2026-02-13,Fashion,C,West,3223,376,1,0.0264456474409933,2
776,2026-02-14,Electronics,D,West,3012,802,8,0.0583605099505452,2
777,2026-02-15,Electronics,B,North,785,884,3,0.2461656417767156,2
778,2026-02-16,Grocery,C,East,764,453,7,0.2029933904459542,2
779,2026-02-17,Grocery,D,East,2867,678,1,0.190814202701738,2
780,2026-02-18,Home Decor,D,East,3947,655,1,0.1205379405328273,2
781,2026-02-19,Electronics,B,East,2262,724,5,0.1733483914534307,2
782,2026-02-20,Home Decor,D,South,3548,660,5,0.0923622375823102,2
783,2026-02-21,Grocery,D,East,2881,674,8,0.1431600238253883,2
784,2026-02-22,Grocery,B,South,2769,408,7,0.2379189085111967,2
785,2026-02-23,Fashion,C,South,540,652,8,0.2943724792366386,2
786,2026-02-24,Electronics,D,West,567,907,6,0.2797466770769405,2
787,2026-02-25,Home Decor,D,South,1487,767,6,0.2801597828538746,2
788,2026-02-26,Grocery,D,North,4508,66,2,0.1206671204541337,2
789,2026-02-27,Grocery,A,South,3698,323,6,0.1406369641520372,2
790,2026-02-28,Home Decor,B,West,3024,734,5,0.2116906189106944,2
791,2026-03-01,Fashion,A,South,1585,165,3,0.2766575784153852,3
792,2026-03-02,Grocery,B,North,2979,910,6,0.0425982778056254,3
793,2026-03-03,Electronics,C,North,2193,742,8,0.0912725591481587,3
794,2026-03-04,Grocery,C,North,2815,140,9,0.0417740533782328,3
795,2026-03-05,Electronics,D,West,1278,131,1,0.1836025589878366,3
796,2026-03-06,Home Decor,B,West,2085,373,3,0.0918902990662612,3
797,2026-03-07,Electronics,C,East,1992,163,3,0.097832355753772,3
798,2026-03-08,Home Decor,B,West,1160,818,8,0.0212747878463937,3
799,2026-03-09,Electronics,C,North,1848,107,1,0.1049388185422775,3
800,2026-03-10,Home Decor,A,North,1799,203,5,0.2587489522204756,3
801,2026-03-11,Electronics,C,West,4440,926,3,0.0699218435672504,3
802,2026-03-12,Fashion,A,South,2486,453,2,0.2085562398630197,3
803,2026-03-13,Electronics,C,West,2544,677,8,0.1888885034815778,3
804,2026-03-14,Electronics,D,West,4016,904,3,0.2590453825107346,3
805,2026-03-15,Fashion,A,North,1558,315,7,0.0396863842953114,3
806,2026-03-16,Grocery,C,East,1476,364,1,0.2932769881035129,3
807,2026-03-17,Grocery,D,North,1227,764,6,0.1747885938121096,3
808,2026-03-18,Electronics,A,East,3027,90,3,0.2986422457040443,3
809,2026-03-19,Fashion,D,North,3636,154,8,0.2734544177597552,3
810,2026-03-20,Electronics,B,West,842,950,6,0.0664551816339317,3
811,2026-03-21,Home Decor,B,North,1947,939,2,0.0168486029709939,3
812,2026-03-22,Home Decor,A,North,2879,242,6,0.0766917281386084,3
813,2026-03-23,Electronics,C,North,4159,450,7,0.1582690946998259,3
814,2026-03-24,Grocery,A,West,1026,327,5,0.051478910119557,3
815,2026-03-25,Grocery,D,West,2396,403,3,0.0502379233553965,3
816,2026-03-26,Electronics,C,West,2573,798,4,0.1387780641315459,3
817,2026-03-27,Electronics,B,West,905,986,4,0.0099803913508075,3
818,2026-03-28,Home Decor,C,East,2073,782,6,0.0365664247596811,3
819,2026-03-29,Grocery,B,East,4240,629,1,0.1247584018223842,3
820,2026-03-30,Electronics,C,South,4774,758,4,0.0189389727623899,3
821,2026-03-31,Home Decor,C,West,4727,305,4,0.1190265169366587,3
822,2026-04-01,Grocery,C,East,2346,700,1,0.1422018797845335,4
823,2026-04-02,Fashion,D,North,1978,873,9,0.1353799842219343,4
824,2026-04-03,Home Decor,D,West,2895,996,4,0.2607524572209261,4
825,2026-04-04,Grocery,A,South,1271,710,7,0.1590187365155197,4
826,2026-04-05,Grocery,A,South,1078,148,3,0.140394138743413,4
827,2026-04-06,Home Decor,B,South,3401,637,3,0.1232127736174998,4
828,2026-04-07,Fashion,D,North,693,331,8,0.2452870134913458,4
829,2026-04-08,Home Decor,B,East,2507,932,8,0.2685169811999499,4
830,2026-04-09,Grocery,A,North,1685,452,1,0.2559727407591352,4
831,2026-04-10,Electronics,B,West,2894,158,2,0.2020639734394172,4
832,2026-04-11,Electronics,A,South,3498,749,8,0.0412085237906022,4
833,2026-04-12,Home Decor,D,North,2292,248,1,0.0830609908476036,4
834,2026-04-13,Grocery,C,North,1610,352,8,0.0138189191045932,4
835,2026-04-14,Electronics,D,East,4505,376,8,0.2792472224970342,4
836,2026-04-15,Grocery,B,East,2761,203,2,0.1982395589072731,4
837,2026-04-16,Home Decor,B,South,4236,601,4,0.2239088652939724,4
838,2026-04-17,Electronics,D,North,4293,694,6,0.0934715218746686,4
839,2026-04-18,Grocery,D,North,2436,454,9,0.2536960566832027,4
840,2026-04-19,Electronics,A,East,4857,511,8,0.0778809851125435,4
841,2026-04-20,Home Decor,B,North,1229,181,8,0.0004931271337349,4
842,2026-04-21,Grocery,B,North,4878,840,7,0.1129244887562081,4
843,2026-04-22,Electronics,D,North,3951,923,9,0.171228444287722,4
844,2026-04-23,Home Decor,C,East,4957,133,2,0.1436114573896567,4
845,2026-04-24,Electronics,B,South,2640,448,3,0.2586228427729791,4
846,2026-04-25,Electronics,C,West,2144,803,8,0.03162158578685,4
847,2026-04-26,Fashion,D,South,3300,677,6,0.1661470321901176,4
848,2026-04-27,Fashion,D,West,641,158,9,0.1538938049462722,4
849,2026-04-28,Home Decor,A,North,1955,270,4,0.0844178946516489,4
850,2026-04-29,Fashion,B,South,2596,953,8,0.2466684337731031,4
851,2026-04-30,Home Decor,C,West,1825,602,3,0.2258545967646618,4
852,2026-05-01,Fashion,A,East,1713,417,3,0.2198577561995492,5
853,2026-05-02,Electronics,B,East,1659,196,8,0.2628577434808668,5
854,2026-05-03,Home Decor,A,South,4999,161,5,0.2168353801864563,5
855,2026-05-04,Home Decor,D,South,840,664,3,0.0695523875144179,5
856,2026-05-05,Electronics,B,North,4328,607,1,0.2116688134949073,5
857,2026-05-06,Home Decor,A,South,2468,973,3,0.0923108440169531,5
858,2026-05-07,Home Decor,A,North,1203,543,9,0.0726523951042411,5
859,2026-05-08,Fashion,C,North,4913,554,5,0.0219010778698881,5
860,2026-05-09,Home Decor,A,East,2929,524,2,0.223208574104303,5
861,2026-05-10,Grocery,B,East,2300,885,7,0.2133002885849433,5
862,2026-05-11,Electronics,B,West,1355,939,2,0.0703498433022281,5
863,2026-05-12,Fashion,C,East,2312,320,4,0.2248137050172468,5
864,2026-05-13,Fashion,B,East,3366,470,7,0.2753522649280659,5
865,2026-05-14,Grocery,D,South,4142,946,4,0.0324086872474737,5
866,2026-05-15,Electronics,B,East,682,756,7,0.0697909915160324,5
867,2026-05-16,Electronics,B,West,3612,416,7,0.2250782382261946,5
868,2026-05-17,Fashion,A,South,4992,329,1,0.0823520020521234,5
869,2026-05-18,Home Decor,A,West,2017,332,6,0.187399192285115,5
870,2026-05-19,Fashion,B,East,1856,89,9,0.0243492673391143,5
871,2026-05-20,Electronics,C,West,2674,238,2,0.1356607437310616,5
872,2026-05-21,Grocery,A,South,4129,213,3,0.2217274265978859,5
873,2026-05-22,Fashion,C,North,4128,585,5,0.2059541829129757,5
874,2026-05-23,Electronics,B,West,4596,585,9,0.244521630202742,5
875,2026-05-24,Fashion,B,West,3739,53,4,0.2632356379809506,5
876,2026-05-25,Home Decor,D,South,4191,884,1,0.2319550503776274,5
877,2026-05-26,Fashion,A,South,518,339,4,0.2014763228816778,5
878,2026-05-27,Fashion,B,West,3903,482,6,0.0095167475448093,5
879,2026-05-28,Electronics,D,East,3504,520,5,0.1604900020228332,5
880,2026-05-29,Electronics,A,West,1632,230,1,0.0113093174744558,5
881,2026-05-30,Electronics,B,South,3839,297,4,0.2424203451348067,5
882,2026-05-31,Fashion,B,North,3811,677,6,0.0962173573379872,5
883,2026-06-01,Home Decor,A,North,3872,328,4,0.1687288122353762,6
884,2026-06-02,Grocery,A,East,1487,926,9,0.0838335921956707,6
885,2026-06-03,Grocery,A,West,3821,630,5,0.234750043314088,6
886,2026-06-04,Electronics,B,North,673,912,8,0.2659507579925707,6
887,2026-06-05,Electronics,B,West,4241,303,9,0.1195927482639191,6
888,2026-06-06,Fashion,D,South,3552,230,5,0.2588767180532967,6
889,2026-06-07,Grocery,C,North,1226,879,6,0.0801225022368997,6
890,2026-06-08,Electronics,A,East,4260,730,1,0.1603982769226571,6
891,2026-06-09,Home Decor,B,South,2375,874,7,0.2576284289516112,6
892,2026-06-10,Home Decor,B,East,4533,558,4,0.0977644027847371,6
893,2026-06-11,Electronics,A,South,1489,810,2,0.2862126795234257,6
894,2026-06-12,Electronics,C,North,4244,749,5,0.036563850534415,6
895,2026-06-13,Grocery,A,East,3186,615,3,0.0054825209170518,6
896,2026-06-14,Grocery,C,East,919,375,6,0.2712406057734572,6
897,2026-06-15,Fashion,B,South,1093,406,8,0.0205945998443616,6
898,2026-06-16,Grocery,C,East,2274,874,7,0.2975667587842475,6
899,2026-06-17,Home Decor,D,South,2959,699,3,0.2854190585937318,6
900,2026-06-18,Home Decor,B,South,1435,729,8,0.0411062730108962,6
901,2026-06-19,Electronics,D,South,4308,440,2,0.1612753877077697,6
902,2026-06-20,Grocery,A,South,831,664,9,0.0554760892401433,6
903,2026-06-21,Fashion,A,North,3949,983,4,0.1284465519090359,6
904,2026-06-22,Home Decor,A,South,3202,134,1,0.0184275387779498,6
905,2026-06-23,Home Decor,C,West,4506,366,8,0.0671773763389768,6
906,2026-06-24,Fashion,B,East,4368,261,7,0.1089818389196698,6
907,2026-06-25,Fashion,A,West,4700,564,5,0.1315942500738164,6
908,2026-06-26,Home Decor,A,North,701,433,5,0.2932488774626679,6
909,2026-06-27,Home Decor,B,West,2997,740,7,0.2423596937051943,6
910,2026-06-28,Fashion,A,East,2342,391,5,0.2212229832935838,6
911,2026-06-29,Home Decor,D,West,2366,864,8,0.1611123944225922,6
912,2026-06-30,Electronics,B,North,2496,893,6,0.251999328181303,6
913,2026-07-01,Electronics,B,South,1409,87,5,0.1017968506967133,7
914,2026-07-02,Fashion,B,West,4805,560,9,0.2126697338319948,7
915,2026-07-03,Grocery,D,North,3689,469,2,0.2981351926134516,7
916,2026-07-04,Fashion,B,North,1270,800,1,0.0943886726805596,7
917,2026-07-05,Fashion,D,East,3655,218,8,0.2022052604651902,7
918,2026-07-06,Grocery,B,East,3001,958,3,0.2532944592457147,7
919,2026-07-07,Grocery,C,West,3214,392,7,0.2747422750052016,7
920,2026-07-08,Grocery,A,South,4085,875,8,0.2153798072820305,7
921,2026-07-09,Electronics,C,North,2128,355,6,0.0850823770251408,7
922,2026-07-10,Home Decor,A,West,886,591,9,0.0978846454706839,7
923,2026-07-11,Electronics,D,North,3921,751,7,0.0062274096371892,7
924,2026-07-12,Home Decor,C,North,4508,918,5,0.2282657933014528,7
925,2026-07-13,Electronics,B,South,4593,586,8,0.0128218818185854,7
926,2026-07-14,Home Decor,A,South,4863,161,2,0.2593957063808237,7
927,2026-07-15,Electronics,A,West,2966,460,7,0.0355981843423616,7
928,2026-07-16,Grocery,C,South,2782,996,4,0.0515629536407772,7
929,2026-07-17,Fashion,D,South,2356,255,9,0.1429579412496711,7
930,2026-07-18,Electronics,C,West,2498,234,1,0.2213641245506227,7
931,2026-07-19,Home Decor,D,South,1736,431,7,0.0417006615597233,7
932,2026-07-20,Grocery,D,East,4644,545,6,0.1320213225199495,7
933,2026-07-21,Electronics,A,North,1650,428,8,0.1448553823230314,7
934,2026-07-22,Electronics,C,North,4818,96,5,0.0636856925005773,7
935,2026-07-23,Grocery,C,North,1931,935,1,0.0346675130041895,7
936,2026-07-24,Electronics,D,North,2319,789,1,0.2509262768956918,7
937,2026-07-25,Fashion,C,West,2824,600,9,0.1507396949288296,7
938,2026-07-26,Electronics,B,North,1630,577,6,0.0043143707952458,7
939,2026-07-27,Fashion,B,North,3158,553,5,0.2408943903927311,7
940,2026-07-28,Fashion,C,North,4000,71,1,0.2942381416243754,7
941,2026-07-29,Grocery,C,North,874,262,6,0.1817778586242741,7
942,2026-07-30,Electronics,D,East,2620,359,6,0.1511125161252212,7
943,2026-07-31,Grocery,B,North,4520,710,3,0.2635247589134885,7
944,2026-08-01,Electronics,B,East,2521,802,8,0.2857550369053795,8
945,2026-08-02,Electronics,A,West,4205,321,1,0.2263610747707381,8
946,2026-08-03,Home Decor,D,South,3759,620,1,0.1336358789202863,8
947,2026-08-04,Electronics,A,North,3935,848,6,0.1776664197994321,8
948,2026-08-05,Grocery,B,South,2389,987,1,0.2102806095053997,8
949,2026-08-06,Fashion,D,South,2323,251,6,0.0582820713005404,8
950,2026-08-07,Electronics,C,West,1974,81,1,0.1341603096649314,8
951,2026-08-08,Home Decor,D,South,2742,492,6,0.2489463794151855,8
952,2026-08-09,Grocery,C,East,3743,211,3,0.1964176045495329,8
953,2026-08-10,Electronics,C,South,3634,816,8,0.1233612201635562,8
954,2026-08-11,Grocery,D,South,2570,303,6,0.1990087602044044,8
955,2026-08-12,Home Decor,C,South,859,570,1,0.0354667236217379,8
956,2026-08-13,Home Decor,A,North,2541,700,5,0.1204492831694628,8
957,2026-08-14,Grocery,B,North,1641,529,8,0.2379385613889169,8
958,2026-08-15,Electronics,C,East,2135,59,3,0.0661526361409944,8
959,2026-08-16,Fashion,A,East,4500,775,6,0.0557884522672253,8
960,2026-08-17,Home Decor,C,North,2443,554,5,0.2852455979749294,8
961,2026-08-18,Electronics,B,East,3861,834,6,0.0629692888758692,8
962,2026-08-19,Electronics,A,North,3480,885,1,0.0782755738950504,8
963,2026-08-20,Fashion,B,West,506,609,7,0.2908847816713014,8
964,2026-08-21,Home Decor,B,South,3767,485,9,0.2204125710795077,8
965,2026-08-22,Home Decor,A,South,2091,160,2,0.2098789599070584,8
966,2026-08-23,Electronics,A,East,3764,202,5,0.2558779151563743,8
967,2026-08-24,Electronics,A,North,3106,684,4,0.0347469246710382,8
968,2026-08-25,Fashion,D,North,3719,966,6,0.2117868709740021,8
969,2026-08-26,Fashion,A,East,3773,918,6,0.1511065827984716,8
970,2026-08-27,Home Decor,A,North,1413,151,2,0.2487451920852419,8
971,2026-08-28,Grocery,A,West,2511,802,2,0.1524425155995583,8
972,2026-08-29,Home Decor,A,South,1942,882,4,0.1860724062806736,8
973,2026-08-30,Electronics,C,East,3554,240,1,0.1433226379198607,8
974,2026-08-31,Home Decor,D,East,4046,778,9,0.1434476770667532,8
975,2026-09-01,Grocery,B,North,4721,612,7,0.2303909934185494,9
976,2026-09-02,Fashion,A,East,3428,853,7,0.1885699201941849,9
977,2026-09-03,Grocery,C,West,2329,130,3,0.1899789604828231,9
978,2026-09-04,Grocery,C,North,1075,538,3,0.1350847451494577,9
979,2026-09-05,Grocery,C,North,1429,944,1,0.1593328489012582,9
980,2026-09-06,Fashion,B,North,4259,137,3,0.2237152998614361,9
981,2026-09-07,Grocery,A,North,4199,243,3,0.2477822757335754,9
982,2026-09-08,Grocery,D,West,1963,153,4,0.2089684206432138,9
983,2026-09-09,Grocery,D,North,3775,832,4,0.2772218966537049,9
984,2026-09-10,Electronics,C,East,1554,145,3,0.2460972264441602,9
985,2026-09-11,Grocery,B,West,2400,472,8,0.1685591369428555,9
986,2026-09-12,Fashion,B,South,1957,940,8,0.201421821793121,9
987,2026-09-13,Grocery,B,South,1899,247,1,0.2778924830763588,9
988,2026-09-14,Grocery,D,East,3915,50,7,0.1857504132729175,9
989,2026-09-15,Fashion,C,East,942,456,2,0.2474420843939491,9
990,2026-09-16,Grocery,A,West,4150,427,1,0.2066431510769961,9
991,2026-09-17,Fashion,D,South,1678,216,3,0.1655809083181399,9
992,2026-09-18,Grocery,C,South,4958,558,4,0.0725514586246059,9
993,2026-09-19,Fashion,C,South,1757,687,6,0.1277992558405284,9
994,2026-09-20,Grocery,A,South,4134,362,5,0.2903228474501146,9
995,2026-09-21,Grocery,A,South,2341,642,4,0.19732961498178,9
996,2026-09-22,Electronics,A,North,2809,467,8,0.1693186141016968,9
997,2026-09-23,Electronics,B,East,1410,812,4,0.2798869876584682,9
998,2026-09-24,Grocery,A,North,4840,730,2,0.1759535343112346,9
999,2026-09-25,Grocery,C,South,4509,526,3,0.1578247555252208,9
1000,2026-09-26,Home Decor,A,West,2669,122,6,0.2277932565450615,9
