Order_ID,Date,Category,Sub_Category,Region,Sales,Profit,Quantity,Discount
1,2024-01-01,Home Decor,B,East,3363,174,6,0.09530840926414864
2,2024-01-02,Grocery,C,West,3001,598,6,0.2906023816723071
3,2024-01-03,Electronics,A,South,2447,219,4,0.07870289003428371
4,2024-01-04,Home Decor,A,West,1677,173,4,0.09391504351894406
5,2024-01-05,Home Decor,A,West,511,918,5,0.25094954718541
6,2024-01-06,Grocery,A,East,4899,84,3,0.015064329507136575
7,2024-01-07,Electronics,D,West,3864,136,1,0.13938395064269124
8,2024-01-08,Electronics,A,East,3522,695,1,0.11388502933550107
9,2024-01-09,Home Decor,D,North,3871,757,7,0.09497602797259534
10,2024-01-10,Fashion,D,North,3330,835,1,0.08570987821342936
11,2024-01-11,Home Decor,A,East,542,250,1,0.02741223145812276
12,2024-01-12,Home Decor,A,North,1443,418,3,0.09444774880549464
13,2024-01-13,Home Decor,B,South,2890,846,4,0.012915720814700571
14,2024-01-14,Home Decor,C,West,3045,126,4,0.23428915909333056
15,2024-01-15,Grocery,A,South,2911,108,2,0.11946833818740349
16,2024-01-16,Electronics,B,West,1504,480,1,0.13317114969597346
17,2024-01-17,Grocery,B,North,520,687,3,0.26807837593503947
18,2024-01-18,Grocery,C,South,906,549,4,0.1974164951583662
19,2024-01-19,Grocery,D,North,1514,962,3,0.0024177310026359364
20,2024-01-20,Home Decor,A,West,4931,158,8,0.2829524468883855
21,2024-01-21,Fashion,C,East,2338,785,1,0.07114333979331336
22,2024-01-22,Electronics,A,East,3688,327,2,0.03228425542795765
23,2024-01-23,Fashion,B,South,1214,117,7,0.23043845351426465
24,2024-01-24,Grocery,B,North,4646,118,4,0.15014319476001545
25,2024-01-25,Grocery,D,North,4354,214,8,0.13013116980540526
26,2024-01-26,Fashion,B,South,4919,538,3,0.07485092390482252
27,2024-01-27,Fashion,B,East,640,354,6,0.16424144695869558
28,2024-01-28,Fashion,C,West,1463,958,9,0.08231538156077624
29,2024-01-29,Grocery,A,South,872,723,1,0.27047490158612025
30,2024-01-30,Grocery,A,West,4135,414,1,0.06456134391995784
31,2024-01-31,Electronics,C,East,3041,903,8,0.265306545136726
32,2024-02-01,Electronics,D,North,4110,870,3,0.16782162771820708
33,2024-02-02,Grocery,A,East,2192,428,5,0.2485464401685723
34,2024-02-03,Fashion,B,South,605,392,1,0.2138537987582865
35,2024-02-04,Fashion,A,North,2181,996,5,0.20900853343102457
36,2024-02-05,Electronics,B,South,4597,948,6,0.09730374230851671
37,2024-02-06,Grocery,D,South,4516,603,8,0.07016907944166104
38,2024-02-07,Electronics,C,East,3136,403,3,0.06326586830423643
39,2024-02-08,Electronics,A,South,2637,465,3,0.2571574971178766
40,2024-02-09,Home Decor,C,East,3916,158,9,0.246128046077706
41,2024-02-10,Home Decor,A,North,4945,612,4,0.1321720584036922
42,2024-02-11,Home Decor,B,East,4030,811,4,0.03972138404893638
43,2024-02-12,Fashion,C,North,1786,546,7,0.1146756755932375
44,2024-02-13,Grocery,A,East,3679,390,2,0.18580303624107342
45,2024-02-14,Grocery,B,West,4154,991,8,0.13632094634398584
46,2024-02-15,Grocery,C,West,2859,432,6,0.23405678054489848
47,2024-02-16,Grocery,C,South,944,582,3,0.2992868466754156
48,2024-02-17,Home Decor,A,East,535,349,9,0.05733962653466905
49,2024-02-18,Fashion,A,East,1975,188,5,0.13789524589787172
50,2024-02-19,Fashion,A,North,4457,408,8,0.1292951705762466
51,2024-02-20,Home Decor,B,South,2298,885,7,0.09134775982468525
52,2024-02-21,Fashion,A,East,2345,548,8,0.05942865501608687
53,2024-02-22,Home Decor,C,South,1908,434,7,0.019707634946897767
54,2024-02-23,Grocery,C,West,2208,653,3,0.2661357951671095
55,2024-02-24,Home Decor,A,East,3438,329,2,0.12595460930589528
56,2024-02-25,Grocery,A,East,1800,686,7,0.14906865555001467
57,2024-02-26,Grocery,D,South,1743,532,3,0.27508261446027477
58,2024-02-27,Electronics,C,East,4476,958,3,0.23288714325478432
59,2024-02-28,Home Decor,B,South,3597,160,2,0.03915037923515526
60,2024-02-29,Electronics,D,East,509,915,4,0.1696259902823227
61,2024-03-01,Home Decor,A,North,2925,188,8,0.13267568295586774
62,2024-03-02,Home Decor,A,South,2160,484,1,0.2391633217736288
63,2024-03-03,Electronics,C,East,3131,558,1,0.21726976428358477
64,2024-03-04,Electronics,A,West,1572,322,5,0.2071217165733216
65,2024-03-05,Home Decor,B,East,3725,148,5,0.10216345064396906
66,2024-03-06,Fashion,C,West,1816,813,1,0.24148911911977633
67,2024-03-07,Grocery,A,West,4645,899,6,0.015717388678458365
68,2024-03-08,Electronics,C,North,4183,153,1,0.04788747042965017
69,2024-03-09,Grocery,A,South,3773,263,5,0.10068698189337351
70,2024-03-10,Fashion,A,East,645,810,9,0.023042232320784384
71,2024-03-11,Fashion,A,North,3540,713,5,0.07049828326040748
72,2024-03-12,Fashion,B,East,1962,811,6,0.24904529489937544
73,2024-03-13,Electronics,B,West,2084,836,8,0.2844754613370238
74,2024-03-14,Fashion,C,South,982,214,1,0.09138070673225714
75,2024-03-15,Electronics,A,East,3679,902,2,0.07935474119665147
76,2024-03-16,Fashion,A,East,1749,569,9,0.08396779567392806
77,2024-03-17,Grocery,B,West,1130,333,3,0.08331572620525314
78,2024-03-18,Grocery,A,East,1161,566,6,0.010779054655791898
79,2024-03-19,Home Decor,B,East,4003,706,5,0.2780749038993324
80,2024-03-20,Grocery,A,West,3352,662,2,0.06410944247109852
81,2024-03-21,Home Decor,C,North,2966,213,7,0.12600122222442148
82,2024-03-22,Grocery,A,West,1487,935,4,0.0029060648222903216
83,2024-03-23,Electronics,A,North,2046,708,1,0.25738652727451716
84,2024-03-24,Grocery,D,South,1149,113,4,0.21934720333647514
85,2024-03-25,Home Decor,B,North,1468,140,6,0.28402681055211093
86,2024-03-26,Home Decor,A,North,3137,166,7,0.2344846437589197
87,2024-03-27,Fashion,A,South,1600,915,7,0.09411195361561957
88,2024-03-28,Electronics,D,North,940,316,7,0.07436200761852708
89,2024-03-29,Grocery,D,West,1269,871,3,0.20931489226598787
90,2024-03-30,Fashion,B,North,1843,734,6,0.10923383250314983
91,2024-03-31,Grocery,D,South,4858,608,8,0.16986450472578496
92,2024-04-01,Grocery,C,West,4229,189,4,0.0018772413079410687
93,2024-04-02,Fashion,D,South,4406,295,8,0.018565710504142574
94,2024-04-03,Fashion,C,South,2077,710,2,0.16061038235449535
95,2024-04-04,Fashion,B,East,4508,807,9,0.16982149393444954
96,2024-04-05,Fashion,B,East,3851,444,9,0.22543588333780307
97,2024-04-06,Fashion,B,South,2849,536,8,0.03958959588718852
98,2024-04-07,Grocery,B,South,4102,525,1,0.15395492512703363
99,2024-04-08,Fashion,B,South,1741,566,2,0.05833429332950658
100,2024-04-09,Electronics,C,East,1625,233,6,0.027958835868808405
101,2024-04-10,Home Decor,C,East,3101,69,5,0.12314873821816637
102,2024-04-11,Fashion,B,North,1690,986,9,0.04900099442671717
103,2024-04-12,Fashion,D,North,4631,607,5,0.06653459345769558
104,2024-04-13,Grocery,A,South,4948,573,2,0.09526637396085053
105,2024-04-14,Fashion,B,West,572,631,4,0.07781652022295887
106,2024-04-15,Fashion,D,West,2414,578,9,0.02627738922178392
107,2024-04-16,Fashion,A,East,2972,932,1,0.026974873457910685
108,2024-04-17,Grocery,B,East,3546,196,1,0.057974824570250445
109,2024-04-18,Fashion,B,East,1207,715,7,0.015167756387861685
110,2024-04-19,Home Decor,C,South,2304,353,3,0.18793710590307813
111,2024-04-20,Grocery,A,West,4213,669,2,0.08619801495267058
112,2024-04-21,Home Decor,A,North,3064,797,9,0.0839237903307213
113,2024-04-22,Grocery,D,South,2975,869,3,0.09959948827132954
114,2024-04-23,Fashion,C,North,4110,913,2,0.1988388822629165
115,2024-04-24,Home Decor,C,North,4755,631,8,0.26119016444504717
116,2024-04-25,Grocery,C,South,3323,744,6,0.2277260797666915
117,2024-04-26,Electronics,C,North,2235,811,6,0.21825876906752847
118,2024-04-27,Fashion,A,West,2085,277,7,0.14531735568025478
119,2024-04-28,Grocery,A,North,566,151,7,0.20814166709022353
120,2024-04-29,Electronics,B,West,3561,636,6,0.16582871041007494
121,2024-04-30,Grocery,B,West,2928,466,4,0.06487515845595866
122,2024-05-01,Electronics,C,West,4653,265,9,0.06257651032231522
123,2024-05-02,Fashion,C,East,841,456,6,0.08891760206258503
124,2024-05-03,Home Decor,C,North,3274,448,4,0.27324080129094397
125,2024-05-04,Electronics,B,South,3317,972,3,0.16422445211391776
126,2024-05-05,Grocery,D,South,3161,764,4,0.22017161310056083
127,2024-05-06,Fashion,D,North,1732,753,3,0.10396762794496428
128,2024-05-07,Electronics,B,East,4374,810,2,0.12231473119956757
129,2024-05-08,Grocery,B,East,2901,548,5,0.03766967359117541
130,2024-05-09,Grocery,B,West,1994,803,2,0.05138848734650111
131,2024-05-10,Grocery,B,North,4711,514,6,0.24820696644784365
132,2024-05-11,Electronics,B,North,1161,740,3,0.17545158950666462
133,2024-05-12,Electronics,B,South,4383,998,6,0.10125973976514567
134,2024-05-13,Electronics,C,North,4119,780,9,0.24085536269866378
135,2024-05-14,Home Decor,C,East,2368,131,1,0.0739559716913949
136,2024-05-15,Electronics,C,North,2834,653,6,0.29280980958006114
137,2024-05-16,Electronics,C,South,3874,996,9,0.10344528232385093
138,2024-05-17,Electronics,B,West,1516,736,4,0.10119328624536827
139,2024-05-18,Home Decor,D,South,4906,800,2,0.09357357166101156
140,2024-05-19,Electronics,A,South,707,821,4,0.03663345477728638
141,2024-05-20,Grocery,B,West,3165,952,1,0.03334114419960372
142,2024-05-21,Electronics,A,South,2993,414,3,0.194431510360237
143,2024-05-22,Grocery,D,South,1132,212,9,0.2625354133674141
144,2024-05-23,Grocery,C,North,2602,97,5,0.23715615308150204
145,2024-05-24,Grocery,D,North,3459,560,6,0.042332278206405324
146,2024-05-25,Home Decor,B,West,3583,378,3,0.16367463653761993
147,2024-05-26,Home Decor,C,North,2431,889,5,0.031677463792992
148,2024-05-27,Home Decor,B,North,4219,165,8,0.013588393083923234
149,2024-05-28,Electronics,C,South,3062,990,6,0.19691575781543016
150,2024-05-29,Grocery,A,East,2179,898,4,0.1605457001041051
151,2024-05-30,Home Decor,A,North,736,386,2,0.024607105563441256
152,2024-05-31,Home Decor,A,East,4943,930,9,0.010481773921796533
153,2024-06-01,Electronics,D,North,2040,786,1,0.29692692402280035
154,2024-06-02,Home Decor,B,North,4443,913,1,0.009006399644721563
155,2024-06-03,Electronics,D,West,863,889,4,0.13335847591504787
156,2024-06-04,Fashion,A,West,2868,196,7,0.15138570738230867
157,2024-06-05,Home Decor,B,West,785,624,1,0.03518404434013351
158,2024-06-06,Fashion,A,East,648,855,9,0.050718533531914876
159,2024-06-07,Electronics,D,South,4537,372,4,0.10554150192310575
160,2024-06-08,Grocery,D,North,2266,492,3,0.22850276286409876
161,2024-06-09,Home Decor,D,North,1512,886,1,0.15212472721808
162,2024-06-10,Electronics,A,North,3331,62,4,0.19137056236588845
163,2024-06-11,Grocery,B,East,3007,992,9,0.2955523665272024
164,2024-06-12,Grocery,B,West,2023,543,6,0.23040163059396288
165,2024-06-13,Fashion,A,South,3285,750,6,0.1303084494423653
166,2024-06-14,Electronics,B,East,3056,336,1,0.13393257653896462
167,2024-06-15,Grocery,A,West,4225,769,2,0.1856316231123015
168,2024-06-16,Home Decor,B,East,2101,163,6,0.1996095625256713
169,2024-06-17,Home Decor,C,South,2908,529,2,0.15021327775100138
170,2024-06-18,Fashion,C,West,840,71,3,0.19345836684449397
171,2024-06-19,Grocery,D,East,3317,398,4,0.00705974832422963
172,2024-06-20,Electronics,C,South,2996,775,5,0.12888685916905324
173,2024-06-21,Home Decor,C,North,2225,732,9,0.08368142282204302
174,2024-06-22,Grocery,C,South,2189,884,4,0.03875233357293312
175,2024-06-23,Grocery,A,North,3767,615,9,0.02986395384263254
176,2024-06-24,Fashion,C,East,4906,955,3,0.18095764968440023
177,2024-06-25,Home Decor,C,West,761,859,8,0.15708016414578352
178,2024-06-26,Home Decor,D,West,1942,369,1,0.07607523509891075
179,2024-06-27,Electronics,C,East,905,175,9,0.14128501763175436
180,2024-06-28,Home Decor,C,West,2690,326,9,0.14766969455472248
181,2024-06-29,Electronics,B,West,4937,253,2,0.05850269413158474
182,2024-06-30,Home Decor,D,North,743,243,4,0.19562791856449518
183,2024-07-01,Fashion,D,East,4607,730,8,0.2342758069158271
184,2024-07-02,Home Decor,D,South,1060,713,7,0.23743906226685568
185,2024-07-03,Electronics,D,North,4637,596,1,0.1807409492110365
186,2024-07-04,Electronics,D,East,3225,745,5,0.1534915747557042
187,2024-07-05,Fashion,D,North,1093,335,7,0.018302142901618468
188,2024-07-06,Home Decor,A,South,2326,106,4,0.08634938965548175
189,2024-07-07,Home Decor,C,South,3729,783,1,0.027981434033450967
190,2024-07-08,Fashion,D,East,3787,352,9,0.2891469482635421
191,2024-07-09,Home Decor,C,South,4573,212,5,0.04052404386772821
192,2024-07-10,Home Decor,C,North,633,68,2,0.045532622955330615
193,2024-07-11,Electronics,A,South,3638,419,8,0.2668729854991476
194,2024-07-12,Home Decor,D,North,4419,313,2,0.28317848504293736
195,2024-07-13,Home Decor,B,North,572,843,3,0.22974871177047296
196,2024-07-14,Fashion,A,South,4994,162,1,0.001621477101800961
197,2024-07-15,Fashion,B,East,4725,537,2,0.00040388128696910996
198,2024-07-16,Grocery,C,West,3478,376,7,0.11343023093623522
199,2024-07-17,Electronics,C,South,4861,591,2,0.04301861100326776
200,2024-07-18,Home Decor,A,North,2485,696,6,0.005515842645479185
201,2024-07-19,Home Decor,A,North,1292,628,3,0.1392200068213514
202,2024-07-20,Grocery,B,South,4759,114,4,0.28291856922209146
203,2024-07-21,Home Decor,D,East,594,341,8,0.09714587247072942
204,2024-07-22,Electronics,B,East,1633,74,3,0.19834220352860896
205,2024-07-23,Grocery,A,North,737,598,6,0.1956706059397322
206,2024-07-24,Electronics,B,North,3446,50,1,0.07532403109955033
207,2024-07-25,Grocery,A,East,3030,960,7,0.1951275746471593
208,2024-07-26,Grocery,B,West,2460,598,8,0.06370019228606738
209,2024-07-27,Fashion,A,South,1548,190,8,0.036602224073066715
210,2024-07-28,Electronics,A,North,3029,793,3,0.21041498566790703
211,2024-07-29,Home Decor,A,North,3464,697,1,0.03403224513117502
212,2024-07-30,Home Decor,D,East,1463,950,9,0.29907276557680657
213,2024-07-31,Electronics,B,South,1036,237,6,0.055035720345068796
214,2024-08-01,Home Decor,B,East,4723,177,9,0.17824255882693726
215,2024-08-02,Home Decor,B,South,4179,250,7,0.12341237142377681
216,2024-08-03,Electronics,A,South,4687,176,1,0.03791592672170013
217,2024-08-04,Grocery,B,South,4224,306,1,0.008353172273224019
218,2024-08-05,Electronics,B,North,1042,725,6,0.18681968468784999
219,2024-08-06,Grocery,A,West,1345,596,5,0.24202726913673783
220,2024-08-07,Home Decor,C,East,4103,243,9,0.2526046984520232
221,2024-08-08,Home Decor,A,West,3536,752,2,0.14481404192308034
222,2024-08-09,Home Decor,B,East,2994,153,8,0.23323664015471565
223,2024-08-10,Fashion,A,South,4985,584,5,0.2018541400465634
224,2024-08-11,Grocery,C,North,3219,314,2,0.21727635824973995
225,2024-08-12,Fashion,A,West,2384,851,6,0.1477797015665442
226,2024-08-13,Fashion,B,North,4638,991,8,0.19002352207263812
227,2024-08-14,Electronics,C,East,4849,433,4,0.24165777407281708
228,2024-08-15,Fashion,D,North,3701,309,2,0.1193652526671069
229,2024-08-16,Electronics,B,North,3210,463,5,0.2417936702602751
230,2024-08-17,Electronics,C,West,2453,407,2,0.17760505283671885
231,2024-08-18,Fashion,C,South,4350,124,2,0.04977030731123587
232,2024-08-19,Grocery,D,North,1189,404,6,0.007405247167375384
233,2024-08-20,Grocery,A,South,2450,633,9,0.10882608011974561
234,2024-08-21,Grocery,A,East,956,820,4,0.16400889848890196
235,2024-08-22,Grocery,B,North,2630,959,6,0.2519461056610465
236,2024-08-23,Grocery,D,West,4476,237,7,0.03824570404207386
237,2024-08-24,Fashion,A,East,4744,734,6,0.24006190430507374
238,2024-08-25,Fashion,D,East,1679,339,8,0.25890271382016805
239,2024-08-26,Home Decor,A,West,4785,94,4,0.04520624610025013
240,2024-08-27,Grocery,C,North,4065,622,1,0.2554782957912657
241,2024-08-28,Fashion,A,North,1382,132,7,0.2974360703528376
242,2024-08-29,Home Decor,D,East,899,172,3,0.21805164931447127
243,2024-08-30,Grocery,C,North,1108,407,6,0.23543090454749638
244,2024-08-31,Electronics,C,South,2138,577,2,0.298324580267662
245,2024-09-01,Home Decor,C,West,2648,115,9,0.18164437515778362
246,2024-09-02,Fashion,D,South,1882,985,1,0.09236591460487482
247,2024-09-03,Electronics,B,North,1903,706,6,0.2512592502228167
248,2024-09-04,Electronics,B,East,1319,424,6,0.18434573325348938
249,2024-09-05,Electronics,B,West,3792,211,5,0.17435862711628697
250,2024-09-06,Home Decor,D,North,1319,795,5,0.07609066665421148
251,2024-09-07,Fashion,C,North,919,429,1,0.22690028087486597
252,2024-09-08,Electronics,B,East,4719,705,5,0.024500182758028875
253,2024-09-09,Grocery,D,East,3802,407,2,0.27728612123839835
254,2024-09-10,Electronics,B,South,2008,237,7,0.09774703823114542
255,2024-09-11,Electronics,A,West,1267,371,3,0.03833239583699714
256,2024-09-12,Home Decor,B,West,2544,499,4,0.13270995993072562
257,2024-09-13,Home Decor,B,East,2639,523,3,0.012740972776959946
258,2024-09-14,Fashion,C,South,3529,62,3,0.20538785827948988
259,2024-09-15,Grocery,D,West,2049,233,4,0.27081165313360683
260,2024-09-16,Home Decor,C,East,2264,160,5,0.25117890214155264
261,2024-09-17,Electronics,C,North,3145,976,1,0.03821084203436432
262,2024-09-18,Fashion,C,West,4216,557,4,0.03788134113231956
263,2024-09-19,Electronics,C,South,4981,339,8,0.24403034469727922
264,2024-09-20,Electronics,C,South,2793,344,7,0.27727628238093477
265,2024-09-21,Home Decor,B,South,3208,500,9,0.13820094895004673
266,2024-09-22,Fashion,C,North,1400,953,5,0.14969133507412977
267,2024-09-23,Grocery,C,West,3584,264,4,0.09547861241571777
268,2024-09-24,Grocery,D,West,2509,681,8,0.2682795354769242
269,2024-09-25,Home Decor,A,North,741,943,9,0.1934708715877068
270,2024-09-26,Home Decor,B,West,2885,616,7,0.08647547315021055
271,2024-09-27,Fashion,B,North,4768,76,7,0.08963486131627547
272,2024-09-28,Grocery,B,North,1171,679,5,0.2673600219190807
273,2024-09-29,Grocery,C,North,663,782,4,0.00409020717174644
274,2024-09-30,Grocery,C,South,964,280,1,0.09681797181799152
275,2024-10-01,Electronics,C,West,3542,614,7,0.16630700436491072
276,2024-10-02,Grocery,D,North,2942,856,1,0.044465238629797385
277,2024-10-03,Electronics,A,West,2855,370,1,0.027629626259876937
278,2024-10-04,Fashion,C,South,4778,962,5,0.24458289932716798
279,2024-10-05,Electronics,A,North,3057,282,9,0.26832131659455216
280,2024-10-06,Fashion,D,East,1045,719,6,0.24708192623945682
281,2024-10-07,Grocery,B,South,4335,486,3,0.2696363669212043
282,2024-10-08,Grocery,C,East,1093,830,3,0.16593359131751145
283,2024-10-09,Fashion,A,West,4304,582,7,0.24367743629710256
284,2024-10-10,Home Decor,A,West,1959,452,6,0.11521279151733012
285,2024-10-11,Fashion,C,South,3993,102,9,0.19988035844371155
286,2024-10-12,Home Decor,B,West,3101,836,6,0.29665065941674934
287,2024-10-13,Electronics,B,East,2944,362,5,0.06771831715173822
288,2024-10-14,Electronics,B,North,3172,330,7,0.11696992388732418
289,2024-10-15,Electronics,D,North,4700,775,1,0.14401421319302568
290,2024-10-16,Grocery,A,North,516,80,7,0.04140464610601552
291,2024-10-17,Electronics,A,South,3691,386,3,0.024311583139517035
292,2024-10-18,Home Decor,A,West,892,232,9,0.24891685989648732
293,2024-10-19,Electronics,D,East,924,72,6,0.29303831184827583
294,2024-10-20,Fashion,A,West,1071,593,9,0.12141751914889759
295,2024-10-21,Fashion,D,West,4131,495,5,0.02629495085839598
296,2024-10-22,Grocery,B,West,1620,123,7,0.019743528207172945
297,2024-10-23,Fashion,C,North,741,59,4,0.2673954619080896
298,2024-10-24,Home Decor,A,East,4397,533,7,0.13914427491830397
299,2024-10-25,Electronics,A,East,4595,505,1,0.09600819496871757
300,2024-10-26,Grocery,B,West,2779,615,7,0.14293838137181986
301,2024-10-27,Electronics,C,North,1288,613,8,0.0954912284077042
302,2024-10-28,Electronics,D,North,1214,709,5,0.14671073259228598
303,2024-10-29,Home Decor,C,East,3349,209,2,0.25786691907538106
304,2024-10-30,Fashion,B,North,1275,931,5,0.1776904113186287
305,2024-10-31,Fashion,B,North,4526,63,6,0.2083961318430526
306,2024-11-01,Electronics,C,North,2747,227,2,0.10940120287030097
307,2024-11-02,Grocery,D,South,578,461,6,0.22155176355315562
308,2024-11-03,Fashion,D,West,4426,927,6,0.1999851254638117
309,2024-11-04,Grocery,A,East,1355,102,1,0.03586859932561693
310,2024-11-05,Fashion,D,East,2648,457,1,0.1717928559346754
311,2024-11-06,Grocery,C,South,1531,896,3,0.0770230488929274
312,2024-11-07,Home Decor,B,West,3771,71,3,0.24122870089007784
313,2024-11-08,Grocery,A,East,4076,79,4,0.12778131254008182
314,2024-11-09,Home Decor,A,North,4682,752,2,0.29840524955894615
315,2024-11-10,Home Decor,B,East,3956,309,9,0.027750131381689136
316,2024-11-11,Grocery,D,North,4006,254,7,0.23410435882204755
317,2024-11-12,Home Decor,B,South,907,108,7,0.20211052006264693
318,2024-11-13,Electronics,D,North,3211,520,6,0.23024964917721163
319,2024-11-14,Home Decor,B,East,3588,825,3,0.0922589386471369
320,2024-11-15,Fashion,C,East,2168,515,6,0.14761634681472016
321,2024-11-16,Grocery,D,East,647,61,8,0.2389525559171125
322,2024-11-17,Electronics,C,South,4827,680,8,0.0697623994862565
323,2024-11-18,Grocery,A,South,4397,976,9,0.06780995903659562
324,2024-11-19,Fashion,B,West,2450,339,1,0.1653152859884797
325,2024-11-20,Fashion,A,East,865,899,1,0.15706907385895671
326,2024-11-21,Fashion,A,North,2174,809,3,0.08467874112387985
327,2024-11-22,Home Decor,A,South,4994,403,3,0.08942269515744683
328,2024-11-23,Home Decor,A,East,3046,688,8,0.08335354896196964
329,2024-11-24,Grocery,B,East,1062,124,1,0.23145361859954627
330,2024-11-25,Grocery,A,South,4062,922,2,0.19557025966873817
331,2024-11-26,Electronics,B,West,2989,765,2,0.2497251550230758
332,2024-11-27,Electronics,B,South,1272,610,3,0.2926419084942065
333,2024-11-28,Grocery,C,South,2537,640,6,0.1422492888815959
334,2024-11-29,Home Decor,D,North,3923,490,1,0.020008164421634656
335,2024-11-30,Fashion,D,North,3067,290,2,0.014427693123610629
336,2024-12-01,Grocery,B,West,2073,910,1,0.08869951178148573
337,2024-12-02,Electronics,C,East,4194,203,5,0.27976337680573526
338,2024-12-03,Home Decor,B,South,3791,835,7,0.15696391649126246
339,2024-12-04,Grocery,B,West,1746,145,8,0.08153595482403875
340,2024-12-05,Grocery,B,North,4219,775,1,0.11975003835330586
341,2024-12-06,Home Decor,C,South,4339,343,7,0.17957853222140124
342,2024-12-07,Grocery,D,East,859,258,5,0.19588489744135265
343,2024-12-08,Home Decor,C,North,2876,392,1,0.04617585293487151
344,2024-12-09,Fashion,A,North,3509,137,3,0.29310950296355276
345,2024-12-10,Home Decor,C,North,3493,867,7,0.16343166809483664
346,2024-12-11,Home Decor,C,West,1462,825,1,0.040706495337683786
347,2024-12-12,Home Decor,C,East,4132,986,7,0.2680905760038401
348,2024-12-13,Grocery,C,South,2327,439,5,0.02239152932382864
349,2024-12-14,Grocery,D,West,2113,374,1,0.2723206299532538
350,2024-12-15,Home Decor,A,West,2140,989,1,0.2989696968866947
351,2024-12-16,Grocery,D,West,2716,938,1,0.21012953974695117
352,2024-12-17,Electronics,D,North,4812,881,9,0.2311341663221969
353,2024-12-18,Electronics,C,East,877,206,3,0.10119085094024591
354,2024-12-19,Grocery,B,West,4714,717,5,0.2824730558201801
355,2024-12-20,Grocery,B,South,4785,700,9,0.1589141898325103
356,2024-12-21,Home Decor,D,East,869,682,6,0.21971653397926647
357,2024-12-22,Fashion,D,South,2696,626,9,0.27723231477338384
358,2024-12-23,Grocery,C,East,4247,668,8,0.2925539927926525
359,2024-12-24,Electronics,D,South,1151,708,8,0.2499613069790023
360,2024-12-25,Home Decor,C,North,1269,186,1,0.090905252094609
361,2024-12-26,Grocery,B,West,2921,972,9,0.2899642549656247
362,2024-12-27,Electronics,B,South,1280,723,6,0.18843585937307153
363,2024-12-28,Electronics,A,East,2216,477,9,0.27919274290558793
364,2024-12-29,Fashion,B,West,4483,501,3,0.20283150774430556
365,2024-12-30,Home Decor,D,West,1811,661,3,0.09217168855431614
366,2024-12-31,Home Decor,B,East,3859,899,6,0.11100735724284479
367,2025-01-01,Fashion,C,South,1022,960,9,0.16514153313088215
368,2025-01-02,Fashion,B,North,1021,868,7,0.2370044524679646
369,2025-01-03,Home Decor,A,North,2820,190,3,0.09539476540210047
370,2025-01-04,Home Decor,B,South,1435,132,3,0.17391934984025761
371,2025-01-05,Grocery,C,West,2730,226,2,0.10368749807292045
372,2025-01-06,Grocery,C,West,4540,247,9,0.24473082139053215
373,2025-01-07,Fashion,D,West,4197,673,3,0.14001842813038512
374,2025-01-08,Grocery,B,West,3337,617,5,0.02301684805586557
375,2025-01-09,Electronics,C,South,4583,740,9,0.04981575644446091
376,2025-01-10,Grocery,A,West,2961,470,8,0.018331400285889688
377,2025-01-11,Grocery,D,East,3743,450,2,0.14979088380429756
378,2025-01-12,Electronics,A,West,3859,747,3,0.03190118920446815
379,2025-01-13,Fashion,B,North,1185,520,2,0.03424199079288963
380,2025-01-14,Electronics,B,West,2660,267,8,0.2823144780115131
381,2025-01-15,Grocery,B,South,4488,974,6,0.26179652165281664
382,2025-01-16,Fashion,D,North,4566,978,6,0.13562597904340978
383,2025-01-17,Grocery,C,South,2067,877,9,0.29574159625506174
384,2025-01-18,Electronics,D,South,538,778,8,5.595845119893417e-05
385,2025-01-19,Electronics,A,North,3044,681,4,0.18419383688201812
386,2025-01-20,Grocery,D,South,1756,955,4,0.184928453211561
387,2025-01-21,Home Decor,A,South,3490,224,9,0.13723291676096647
388,2025-01-22,Home Decor,D,West,2696,72,1,0.11908439188028785
389,2025-01-23,Electronics,C,East,3968,774,2,0.13661494064418228
390,2025-01-24,Electronics,A,South,3208,966,2,0.12448813082390414
391,2025-01-25,Home Decor,B,South,801,284,6,0.2191477432446898
392,2025-01-26,Home Decor,B,South,1146,62,4,0.040606630491985214
393,2025-01-27,Grocery,D,West,2259,150,3,0.05929176617733904
394,2025-01-28,Grocery,B,East,4851,978,3,0.054155468517727075
395,2025-01-29,Home Decor,A,North,1097,585,3,0.07874117553637935
396,2025-01-30,Grocery,B,West,1161,925,6,0.157577525634475
397,2025-01-31,Grocery,C,West,4830,572,8,0.033362624201465615
398,2025-02-01,Fashion,C,East,1868,834,7,0.26045078859795123
399,2025-02-02,Grocery,D,East,3081,501,4,0.0892084593925417
400,2025-02-03,Electronics,A,West,4368,480,4,0.048761396240612355
401,2025-02-04,Grocery,C,North,4037,842,2,0.202686392879473
402,2025-02-05,Grocery,C,West,4808,655,1,0.011425890179795783
403,2025-02-06,Home Decor,A,East,782,762,9,0.18599056946224926
404,2025-02-07,Electronics,B,North,4178,582,2,0.20945952920294994
405,2025-02-08,Grocery,B,East,1986,901,8,0.06447495941601575
406,2025-02-09,Grocery,D,North,4582,772,9,0.012589222033090286
407,2025-02-10,Fashion,B,South,4683,701,4,0.10909360767583488
408,2025-02-11,Grocery,A,East,960,342,8,0.029578269072580942
409,2025-02-12,Grocery,C,East,2825,859,9,0.03494335490200112
410,2025-02-13,Fashion,B,West,4254,962,5,0.07627836943345936
411,2025-02-14,Home Decor,D,East,2968,150,7,0.08864037738802778
412,2025-02-15,Grocery,B,East,2224,551,4,0.15899110230642619
413,2025-02-16,Fashion,A,South,1876,353,1,0.20351756565090393
414,2025-02-17,Electronics,D,East,3243,920,3,0.17783128226105543
415,2025-02-18,Home Decor,B,South,1014,589,5,0.04450810118685504
416,2025-02-19,Electronics,D,South,1202,602,3,0.05162580973578793
417,2025-02-20,Electronics,A,South,2153,404,7,0.26363077493787435
418,2025-02-21,Fashion,C,South,2566,352,9,0.16750569451923408
419,2025-02-22,Grocery,A,North,522,545,6,0.2609813498693067
420,2025-02-23,Fashion,A,West,2960,707,1,0.11146395339596231
421,2025-02-24,Fashion,A,North,1804,817,7,0.18432000222939715
422,2025-02-25,Fashion,A,East,3800,276,3,0.15709902481638321
423,2025-02-26,Fashion,C,North,861,285,5,0.09573704694613877
424,2025-02-27,Home Decor,C,North,4227,922,4,0.1409746116100786
425,2025-02-28,Grocery,D,East,1784,941,5,0.15074726304807962
426,2025-03-01,Electronics,B,East,1014,504,5,0.06023129242700358
427,2025-03-02,Electronics,C,East,948,62,6,0.09450311171301946
428,2025-03-03,Grocery,C,North,2355,259,6,0.23742292515209268
429,2025-03-04,Electronics,B,North,4062,790,8,0.2747364718362381
430,2025-03-05,Grocery,C,East,3020,446,8,0.10793822806358984
431,2025-03-06,Electronics,A,West,3581,149,9,0.09209168466270545
432,2025-03-07,Fashion,A,West,1928,80,8,0.058559149371564756
433,2025-03-08,Electronics,B,South,4467,947,2,0.20354735059517437
434,2025-03-09,Grocery,D,East,1422,577,1,0.09692991049990118
435,2025-03-10,Grocery,D,South,3637,698,2,0.29632486172975653
436,2025-03-11,Grocery,B,West,2659,378,2,0.09770544061918597
437,2025-03-12,Grocery,B,South,3047,215,3,0.11824081403478844
438,2025-03-13,Grocery,A,East,3479,508,7,0.18100025886361043
439,2025-03-14,Home Decor,D,East,2781,871,2,0.24050528795739148
440,2025-03-15,Home Decor,C,East,3149,149,1,0.1408555996036901
441,2025-03-16,Electronics,A,North,813,670,6,0.1267968101366875
442,2025-03-17,Grocery,B,South,3113,904,9,0.2986913500784425
443,2025-03-18,Electronics,D,West,3583,222,3,0.0031480923419833326
444,2025-03-19,Grocery,C,West,2756,798,6,0.26851958665537373
445,2025-03-20,Grocery,C,West,1537,211,3,0.04474224778192123
446,2025-03-21,Home Decor,A,North,3989,954,1,0.235777582862674
447,2025-03-22,Home Decor,D,North,3134,777,5,0.1853794679538894
448,2025-03-23,Fashion,D,East,4483,825,4,0.10255418564942761
449,2025-03-24,Home Decor,B,West,2278,312,7,0.2621624866563055
450,2025-03-25,Fashion,D,North,4395,853,6,0.0038721683942975925
451,2025-03-26,Fashion,D,East,1624,323,7,0.0680071956224771
452,2025-03-27,Fashion,A,West,1197,52,5,0.1700678388748608
453,2025-03-28,Fashion,D,South,2679,77,4,0.1054626780149094
454,2025-03-29,Fashion,C,East,1904,375,7,0.1831132485954983
455,2025-03-30,Electronics,A,North,1543,989,7,0.007233058022600047
456,2025-03-31,Home Decor,A,North,2429,198,6,0.034937679144513754
457,2025-04-01,Fashion,B,East,1513,589,8,0.03812887206553177
458,2025-04-02,Grocery,D,East,726,537,4,0.05678509377480283
459,2025-04-03,Home Decor,B,North,2328,871,5,0.13779943224016283
460,2025-04-04,Home Decor,C,South,2523,487,4,0.22563860986307135
461,2025-04-05,Fashion,A,West,2952,114,1,0.2716616513786703
462,2025-04-06,Electronics,A,South,2585,405,8,0.25061175908527383
463,2025-04-07,Fashion,A,East,4783,582,1,0.059066361532705065
464,2025-04-08,Electronics,C,South,1580,301,5,0.13234516566918972
465,2025-04-09,Grocery,C,North,2820,284,6,0.0598234793275605
466,2025-04-10,Home Decor,B,East,3690,276,6,0.07934154500015723
467,2025-04-11,Grocery,B,West,3130,574,5,0.15106409445356583
468,2025-04-12,Electronics,B,North,3063,362,3,0.020432707417056762
469,2025-04-13,Electronics,D,North,3792,98,5,0.06545229887798196
470,2025-04-14,Grocery,A,West,4086,167,8,0.28061344839213515
471,2025-04-15,Electronics,A,West,4931,103,2,0.1398348877975467
472,2025-04-16,Grocery,B,South,3447,699,6,0.13361595779336166
473,2025-04-17,Home Decor,A,East,4459,614,9,0.004370146425383669
474,2025-04-18,Grocery,B,West,3313,93,8,0.07421992411750374
475,2025-04-19,Home Decor,D,West,3083,864,8,0.2598877307946544
476,2025-04-20,Grocery,D,East,661,102,8,0.04938852847760062
477,2025-04-21,Electronics,C,West,1093,635,7,0.12453748186041631
478,2025-04-22,Grocery,D,West,3759,607,8,0.004299271760100376
479,2025-04-23,Electronics,B,South,4655,574,6,0.14350064450116676
480,2025-04-24,Grocery,D,North,3462,726,2,0.0063063320178651456
481,2025-04-25,Grocery,C,North,4388,151,2,0.24588286591973996
482,2025-04-26,Fashion,A,North,3890,841,8,0.24745613024613106
483,2025-04-27,Electronics,B,North,1163,819,1,0.23632265649071094
484,2025-04-28,Fashion,A,West,1632,898,6,0.08500922066733546
485,2025-04-29,Electronics,C,East,1041,917,6,0.2511711654665454
486,2025-04-30,Fashion,C,East,3474,447,4,0.16289943978158078
487,2025-05-01,Home Decor,C,South,1367,187,3,0.11214243266010072
488,2025-05-02,Grocery,A,South,2566,724,3,0.1875989879112699
489,2025-05-03,Electronics,A,West,931,970,1,0.0037023138181122017
490,2025-05-04,Electronics,A,East,4778,436,3,0.042888263280225644
491,2025-05-05,Grocery,A,East,1706,160,4,0.22268806145107883
492,2025-05-06,Electronics,C,North,3028,663,5,0.0732484826148459
493,2025-05-07,Electronics,C,West,1669,66,3,0.17940273519862487
494,2025-05-08,Fashion,B,West,1330,829,6,0.11553078084690889
495,2025-05-09,Electronics,B,North,2151,231,5,0.2564417336397784
496,2025-05-10,Home Decor,A,West,1636,933,3,0.28572459179899307
497,2025-05-11,Home Decor,D,West,3310,585,6,0.2650694185110571
498,2025-05-12,Grocery,D,South,975,590,6,0.081185998408079
499,2025-05-13,Electronics,C,East,3310,220,8,0.05824886071382468
500,2025-05-14,Grocery,C,West,1826,458,2,0.1423304680862205
501,2025-05-15,Home Decor,C,South,1519,789,1,0.0022002452508540827
502,2025-05-16,Electronics,B,East,2336,427,4,0.00774281785895452
503,2025-05-17,Electronics,B,North,4756,237,7,0.1659871918869
504,2025-05-18,Grocery,C,South,2948,907,3,0.15613482124958578
505,2025-05-19,Home Decor,C,South,4793,279,3,0.298374596710578
506,2025-05-20,Electronics,C,East,1783,882,5,0.060552550609127426
507,2025-05-21,Grocery,D,North,1159,901,5,0.07743117874814053
508,2025-05-22,Home Decor,B,South,2510,168,3,0.034062192697886004
509,2025-05-23,Grocery,D,West,898,205,9,0.2752629028961234
510,2025-05-24,Fashion,D,West,2233,833,4,0.23334337333753521
511,2025-05-25,Electronics,C,West,2625,736,3,0.24670173343705423
512,2025-05-26,Fashion,C,North,2671,514,2,0.27082913638935263
513,2025-05-27,Home Decor,A,South,574,153,9,0.15746999601775147
514,2025-05-28,Fashion,A,West,3971,653,4,0.13535795743521709
515,2025-05-29,Fashion,D,North,1336,747,3,0.09911744209968494
516,2025-05-30,Home Decor,B,West,999,844,7,0.17676438430435665
517,2025-05-31,Grocery,C,East,637,551,8,0.13628351903694674
518,2025-06-01,Fashion,C,South,2597,742,2,0.13546967598167253
519,2025-06-02,Grocery,D,South,4196,731,7,0.28107835911934165
520,2025-06-03,Fashion,A,North,2385,748,5,0.295209454283739
521,2025-06-04,Grocery,B,North,3257,224,5,0.2389453167988742
522,2025-06-05,Home Decor,A,South,4420,783,3,0.22702742707407847
523,2025-06-06,Fashion,A,West,2400,794,5,0.20416744853373042
524,2025-06-07,Home Decor,A,West,3110,723,2,0.049822455700054114
525,2025-06-08,Fashion,A,East,4486,470,4,0.017731746262696357
526,2025-06-09,Home Decor,C,West,1949,183,6,0.20721789453397893
527,2025-06-10,Home Decor,C,North,1046,440,1,0.2186358666769728
528,2025-06-11,Fashion,A,North,2503,785,4,0.014091897329441938
529,2025-06-12,Fashion,B,West,2596,550,6,0.2784155250686544
530,2025-06-13,Fashion,D,North,1203,714,9,0.02734219183340326
531,2025-06-14,Electronics,B,South,2903,82,2,0.08577016013136071
532,2025-06-15,Grocery,B,South,2125,104,7,0.20171694383961133
533,2025-06-16,Electronics,B,West,3831,568,6,0.050961778321342896
534,2025-06-17,Electronics,A,South,3478,805,2,0.016624766532673328
535,2025-06-18,Home Decor,C,South,3339,874,8,0.09934394674924493
536,2025-06-19,Fashion,B,East,3884,687,7,0.2297914724565537
537,2025-06-20,Grocery,A,East,3159,61,5,0.1241036036955781
538,2025-06-21,Home Decor,B,South,2361,577,5,0.1958918765723818
539,2025-06-22,Electronics,B,West,3356,769,7,0.173885729168441
540,2025-06-23,Fashion,A,East,1185,604,9,0.006665544607674123
541,2025-06-24,Home Decor,C,North,4783,422,9,0.296561996113712
542,2025-06-25,Fashion,C,North,2119,533,9,0.012428426645816325
543,2025-06-26,Home Decor,D,North,1931,696,6,0.29034082129454547
544,2025-06-27,Fashion,A,West,1375,277,6,0.16495925350931945
545,2025-06-28,Electronics,D,South,2961,672,3,0.2889477081195199
546,2025-06-29,Grocery,D,North,1865,356,1,0.034426079824150635
547,2025-06-30,Electronics,D,West,1743,506,7,0.14712255575565394
548,2025-07-01,Grocery,C,East,662,209,4,0.05085122755981759
549,2025-07-02,Fashion,A,South,2474,380,1,0.015292463106732723
550,2025-07-03,Home Decor,D,East,3791,825,8,0.18525873451869346
551,2025-07-04,Electronics,A,West,769,274,6,0.06233502628850743
552,2025-07-05,Grocery,A,North,1131,778,6,0.17630910548626377
553,2025-07-06,Electronics,C,North,1405,553,2,0.03370934458469569
554,2025-07-07,Grocery,D,West,3971,505,1,0.09959594142981083
555,2025-07-08,Electronics,D,North,3753,94,2,0.23448976741597413
556,2025-07-09,Grocery,A,South,2514,263,4,0.1311154565526563
557,2025-07-10,Grocery,B,West,2141,108,2,0.1883236244692009
558,2025-07-11,Fashion,C,East,704,693,1,0.1942373822236638
559,2025-07-12,Grocery,C,West,1081,665,7,0.25312651319618806
560,2025-07-13,Fashion,C,South,1340,244,8,0.09747683832199239
561,2025-07-14,Grocery,C,South,2219,974,6,0.20618866877475525
562,2025-07-15,Home Decor,D,West,3143,538,4,0.28848474211384967
563,2025-07-16,Home Decor,D,West,2797,206,6,0.2190730003073604
564,2025-07-17,Home Decor,B,North,1374,659,3,0.14696114301532334
565,2025-07-18,Grocery,C,South,1189,275,8,0.18921523334757875
566,2025-07-19,Fashion,C,West,4500,461,2,0.22190486932893244
567,2025-07-20,Fashion,A,West,3641,254,5,0.1836827297081617
568,2025-07-21,Grocery,D,South,1922,128,1,0.005002744046951745
569,2025-07-22,Home Decor,C,West,1171,173,6,0.05843204930616775
570,2025-07-23,Home Decor,B,North,1671,520,2,0.2431404651646398
571,2025-07-24,Fashion,B,South,4226,989,4,0.0817951941937454
572,2025-07-25,Home Decor,D,North,1443,267,6,0.21946863586834017
573,2025-07-26,Electronics,B,North,1949,565,8,0.1116360645725096
574,2025-07-27,Fashion,B,North,4237,651,8,0.15656529844738296
575,2025-07-28,Home Decor,D,North,3039,153,6,0.020391989945821108
576,2025-07-29,Fashion,C,South,4459,442,4,0.05436766831491286
577,2025-07-30,Electronics,C,North,4760,680,8,0.28715908905577037
578,2025-07-31,Fashion,B,North,2861,694,8,0.26704141603407416
579,2025-08-01,Fashion,B,West,4152,873,1,0.19568253326971505
580,2025-08-02,Fashion,C,South,4170,657,4,0.1378933792157212
581,2025-08-03,Fashion,D,South,2253,483,4,0.20272838786856714
582,2025-08-04,Electronics,B,East,2852,380,7,0.1855830867281817
583,2025-08-05,Grocery,A,South,2438,192,7,0.17056567668138362
584,2025-08-06,Fashion,D,South,870,849,8,0.017753121559062546
585,2025-08-07,Fashion,B,East,4979,589,5,0.18984078319845207
586,2025-08-08,Home Decor,B,South,2431,327,7,0.2306760133713505
587,2025-08-09,Fashion,A,South,924,282,8,0.29822449639367266
588,2025-08-10,Home Decor,A,South,1394,578,9,0.003323565778292903
589,2025-08-11,Grocery,C,South,1097,620,3,0.21905203599320297
590,2025-08-12,Electronics,D,East,3562,139,3,0.17153679478079414
591,2025-08-13,Electronics,D,South,2836,541,4,0.13021565282428701
592,2025-08-14,Grocery,C,South,2187,248,5,0.03827105237141126
593,2025-08-15,Electronics,D,East,1072,411,1,0.12272554459046287
594,2025-08-16,Grocery,D,West,2590,490,7,0.10631315489584059
595,2025-08-17,Grocery,D,North,4169,75,9,0.09084896669362265
596,2025-08-18,Grocery,D,West,4772,74,8,0.2192638869966623
597,2025-08-19,Electronics,D,East,2133,443,5,0.21021765638527914
598,2025-08-20,Home Decor,A,North,2017,556,4,0.17670602729427345
599,2025-08-21,Grocery,D,East,4793,350,7,0.2815994439880117
600,2025-08-22,Fashion,A,East,3157,388,5,0.10495631525425633
601,2025-08-23,Electronics,D,South,4148,316,7,0.07314058131305386
602,2025-08-24,Grocery,C,North,4088,510,1,0.19677099392951986
603,2025-08-25,Grocery,B,South,2037,742,1,0.05964421828122088
604,2025-08-26,Fashion,A,North,3637,505,3,0.09450315215502737
605,2025-08-27,Home Decor,D,East,597,409,2,0.06738073202246544
606,2025-08-28,Home Decor,C,East,3715,117,2,0.02074607031555037
607,2025-08-29,Home Decor,B,West,4250,912,7,0.248249622490702
608,2025-08-30,Grocery,A,North,3657,461,2,0.07636216287649834
609,2025-08-31,Grocery,B,South,843,540,4,0.1419082510029062
610,2025-09-01,Grocery,C,West,1110,882,2,0.012994581976293584
611,2025-09-02,Electronics,A,West,2227,98,6,0.20980183987579293
612,2025-09-03,Fashion,B,West,2790,736,8,0.09916830069188724
613,2025-09-04,Grocery,D,South,2354,613,4,0.223421018348763
614,2025-09-05,Fashion,A,West,3108,151,5,0.12372091814035983
615,2025-09-06,Fashion,B,South,2579,265,4,0.05872668192168738
616,2025-09-07,Home Decor,C,West,2824,487,3,0.15395252468461076
617,2025-09-08,Electronics,C,South,1677,749,5,0.039151367891231935
618,2025-09-09,Grocery,A,East,1591,618,9,0.13216174796189842
619,2025-09-10,Home Decor,B,East,3291,608,8,0.09519164322614596
620,2025-09-11,Home Decor,A,East,2249,208,8,0.2735878752598899
621,2025-09-12,Grocery,A,East,3175,538,8,0.018278616516215984
622,2025-09-13,Fashion,B,East,1281,735,8,0.2082052242317226
623,2025-09-14,Home Decor,B,West,3548,291,7,0.05482534979623077
624,2025-09-15,Fashion,D,West,2605,843,8,0.09571352229967195
625,2025-09-16,Electronics,B,West,4367,802,8,0.12465421891861977
626,2025-09-17,Fashion,C,South,2613,931,8,0.2724045268124923
627,2025-09-18,Electronics,A,South,4470,54,7,0.07277347982214755
628,2025-09-19,Fashion,A,South,2491,645,1,0.027392640763401064
629,2025-09-20,Home Decor,C,South,1567,869,4,0.09560688119715707
630,2025-09-21,Home Decor,B,East,2077,410,4,0.031402791160660005
631,2025-09-22,Electronics,C,East,1511,508,5,0.03857894578816575
632,2025-09-23,Grocery,C,East,2774,297,6,0.172155179392508
633,2025-09-24,Electronics,D,North,2314,615,4,0.018270579929847996
634,2025-09-25,Electronics,C,West,2926,722,2,0.00927926441806981
635,2025-09-26,Fashion,A,South,4902,995,6,0.21432423044114932
636,2025-09-27,Fashion,C,South,3051,471,8,0.10849412845231335
637,2025-09-28,Electronics,A,East,4157,972,8,0.037612604770161984
638,2025-09-29,Home Decor,A,South,507,787,7,0.07608383125791247
639,2025-09-30,Fashion,A,South,3055,64,6,0.1926259522057197
640,2025-10-01,Grocery,B,West,975,785,2,0.08266097014225535
641,2025-10-02,Fashion,D,East,2711,622,7,0.14835633753612237
642,2025-10-03,Fashion,A,West,984,171,5,0.03650859201800168
643,2025-10-04,Grocery,A,North,2785,326,6,0.1764280912816341
644,2025-10-05,Electronics,B,North,4025,607,8,0.09482330515297922
645,2025-10-06,Grocery,A,North,3839,502,8,0.18809053035861495
646,2025-10-07,Electronics,C,East,3322,439,3,0.24251846469120686
647,2025-10-08,Electronics,C,South,3424,343,7,0.18349392581699772
648,2025-10-09,Electronics,D,East,758,623,1,0.0887242687785062
649,2025-10-10,Grocery,A,East,782,647,1,0.07672311046449011
650,2025-10-11,Electronics,B,South,2398,495,7,0.0982262876200344
651,2025-10-12,Home Decor,C,West,4635,259,9,0.04938615397095145
652,2025-10-13,Grocery,B,North,3476,639,7,0.05435155525500602
653,2025-10-14,Home Decor,B,West,2767,763,5,0.23720733057005036
654,2025-10-15,Electronics,C,North,3700,351,8,0.11541977295223349
655,2025-10-16,Fashion,B,East,1112,958,2,0.13079855417117575
656,2025-10-17,Electronics,C,North,1187,272,9,0.17821483967004334
657,2025-10-18,Home Decor,B,East,4190,783,6,0.17689604854546429
658,2025-10-19,Home Decor,C,West,1112,52,9,0.020213061456577718
659,2025-10-20,Grocery,A,East,2807,567,2,0.24946223590129968
660,2025-10-21,Fashion,D,West,3513,142,3,0.05319796596718183
661,2025-10-22,Grocery,C,South,2281,569,8,0.21692149081490064
662,2025-10-23,Home Decor,C,South,3091,477,1,0.23180129643844996
663,2025-10-24,Electronics,D,South,3196,542,7,0.2144698602273941
664,2025-10-25,Fashion,C,East,4458,284,7,0.17369329396624356
665,2025-10-26,Electronics,C,South,1074,669,1,0.004382699132664858
666,2025-10-27,Electronics,B,North,2410,210,9,0.1081126477089512
667,2025-10-28,Fashion,D,West,4104,770,8,0.18145182880877433
668,2025-10-29,Grocery,A,West,1169,801,4,0.1162353887767616
669,2025-10-30,Electronics,C,North,4864,380,5,0.2590439684738439
670,2025-10-31,Home Decor,D,East,1783,382,2,0.0926406826048846
671,2025-11-01,Electronics,B,East,1423,99,9,0.08806043773759813
672,2025-11-02,Fashion,A,West,1625,572,6,0.0797993079277974
673,2025-11-03,Fashion,D,South,2029,912,3,0.09983426068823865
674,2025-11-04,Fashion,A,East,2094,717,7,0.16722148929425615
675,2025-11-05,Grocery,A,East,746,541,9,0.21210458828177722
676,2025-11-06,Electronics,A,North,4211,631,3,0.19877037532163552
677,2025-11-07,Grocery,C,North,2060,730,2,0.24231534599444388
678,2025-11-08,Grocery,C,South,2900,321,7,0.26577419864922747
679,2025-11-09,Fashion,B,East,2743,629,7,0.24482371270300538
680,2025-11-10,Fashion,B,East,4364,916,4,0.005683621012306372
681,2025-11-11,Grocery,D,North,2439,301,9,0.22077538606559663
682,2025-11-12,Electronics,B,East,3569,609,8,0.06251987208549949
683,2025-11-13,Home Decor,A,West,726,745,1,0.03987841281239479
684,2025-11-14,Grocery,A,North,4047,881,1,0.19154663543974065
685,2025-11-15,Electronics,C,South,764,748,5,0.09592295862230847
686,2025-11-16,Fashion,A,North,1895,139,6,0.017135149011132975
687,2025-11-17,Fashion,D,East,4057,495,3,0.041288920319508406
688,2025-11-18,Electronics,A,South,1145,381,9,0.0002788250609883192
689,2025-11-19,Home Decor,A,North,3490,188,6,0.2709670882034122
690,2025-11-20,Fashion,D,West,2399,406,4,0.007385395152371577
691,2025-11-21,Fashion,B,West,3004,650,7,0.06283673085285331
692,2025-11-22,Fashion,B,North,3272,323,8,0.12487883420637219
693,2025-11-23,Electronics,D,West,1654,68,9,0.10697139778524573
694,2025-11-24,Grocery,C,West,1087,360,6,0.2735177630738327
695,2025-11-25,Fashion,A,West,2321,919,6,0.012086683720362633
696,2025-11-26,Grocery,D,South,1485,935,8,0.15366441230311548
697,2025-11-27,Home Decor,A,West,4579,203,5,0.20414383875731218
698,2025-11-28,Fashion,C,West,3848,439,3,0.2795093921043506
699,2025-11-29,Fashion,A,West,4331,309,3,0.1861113756371163
700,2025-11-30,Home Decor,D,South,1741,669,6,0.24112657080352878
701,2025-12-01,Fashion,A,North,689,932,2,0.02511748135360452
702,2025-12-02,Grocery,B,East,1480,846,6,0.1157818532810782
703,2025-12-03,Electronics,C,West,2198,620,6,0.11218414034372023
704,2025-12-04,Grocery,C,North,2215,174,8,0.2658864649367153
705,2025-12-05,Electronics,C,West,3093,403,7,0.04541135137898248
706,2025-12-06,Electronics,D,South,4636,322,8,0.04556585170098908
707,2025-12-07,Grocery,C,North,4933,668,9,0.09856744496573953
708,2025-12-08,Grocery,B,South,1598,860,6,0.016339814210051273
709,2025-12-09,Grocery,D,West,2826,294,3,0.054737412195747015
710,2025-12-10,Grocery,B,West,3747,897,3,0.28956289156372056
711,2025-12-11,Home Decor,A,South,1395,499,1,0.12845518196015185
712,2025-12-12,Fashion,A,East,2174,979,5,0.18960576252673092
713,2025-12-13,Electronics,A,South,3409,296,4,0.21783337780339107
714,2025-12-14,Grocery,A,West,1430,569,9,0.11008842210216015
715,2025-12-15,Grocery,B,South,4884,190,9,0.04416812232315509
716,2025-12-16,Grocery,D,East,1223,411,5,0.06197430486653424
717,2025-12-17,Home Decor,D,South,3440,57,4,0.0939799429741831
718,2025-12-18,Grocery,C,East,1589,527,7,0.1908205261056677
719,2025-12-19,Grocery,B,East,1435,401,6,0.11948416472671632
720,2025-12-20,Grocery,A,South,2795,544,4,0.0020444093700384357
721,2025-12-21,Fashion,B,South,655,655,2,0.15702215552024154
722,2025-12-22,Home Decor,C,North,1570,882,1,0.2764540175722254
723,2025-12-23,Grocery,C,West,2458,476,4,0.2436232833026037
724,2025-12-24,Electronics,B,East,3001,88,4,0.24756341137788931
725,2025-12-25,Electronics,B,North,4719,642,1,0.23851740528183935
726,2025-12-26,Electronics,B,South,4330,236,6,0.09711924768312709
727,2025-12-27,Home Decor,D,West,1354,645,4,0.22955815012631758
728,2025-12-28,Home Decor,A,North,1139,649,1,0.0429484073433579
729,2025-12-29,Electronics,B,East,2738,803,1,0.19731484418278605
730,2025-12-30,Grocery,B,North,2102,903,1,0.1924705700054983
731,2025-12-31,Home Decor,B,East,941,142,8,0.0076709397269204005
732,2026-01-01,Electronics,C,South,1836,135,8,0.23639104007727946
733,2026-01-02,Electronics,C,West,4200,93,2,0.2709744315285392
734,2026-01-03,Grocery,D,West,1448,186,7,0.0802245835416323
735,2026-01-04,Fashion,A,West,3873,470,8,0.24371721725584525
736,2026-01-05,Home Decor,D,South,959,123,8,0.02472179155858446
737,2026-01-06,Grocery,A,East,892,597,7,0.1799903574783198
738,2026-01-07,Electronics,C,South,4438,662,5,0.14569405960028314
739,2026-01-08,Electronics,C,West,2287,561,1,0.1637770599927
740,2026-01-09,Grocery,C,South,2757,205,9,0.27786156056530353
741,2026-01-10,Home Decor,D,South,1638,987,7,0.26139457417405604
742,2026-01-11,Fashion,B,South,4308,304,2,0.2355250971719271
743,2026-01-12,Fashion,B,East,2954,220,6,0.0821095373035113
744,2026-01-13,Electronics,C,North,1966,777,2,0.2735455886058275
745,2026-01-14,Home Decor,B,North,4174,219,1,0.029252307739162573
746,2026-01-15,Fashion,B,South,1877,813,7,0.25599876496763635
747,2026-01-16,Home Decor,D,North,3097,921,2,0.09844802170608233
748,2026-01-17,Home Decor,A,North,641,371,2,0.01613169349859501
749,2026-01-18,Electronics,C,South,3159,616,5,0.20080709527222448
750,2026-01-19,Fashion,C,South,1339,505,5,0.06938397849478663
751,2026-01-20,Grocery,D,West,4118,993,7,0.07307133775938958
752,2026-01-21,Electronics,D,North,4417,652,1,0.09181414986863144
753,2026-01-22,Fashion,B,East,1095,839,8,0.019105430250755017
754,2026-01-23,Fashion,C,South,2404,662,3,0.05313814325947621
755,2026-01-24,Fashion,A,West,780,204,4,0.0015418882756680907
756,2026-01-25,Fashion,D,East,923,938,9,0.13362285633173604
757,2026-01-26,Fashion,A,North,4865,398,4,0.025276613225391386
758,2026-01-27,Home Decor,A,West,4749,500,5,0.2047957815132597
759,2026-01-28,Electronics,C,South,2250,925,7,0.07068685535749451
760,2026-01-29,Home Decor,C,East,2467,702,4,0.28307224321055313
761,2026-01-30,Grocery,D,South,4588,222,1,0.2613754882195958
762,2026-01-31,Fashion,C,North,4678,59,9,0.08683226849046247
763,2026-02-01,Electronics,C,East,3446,789,4,0.2349646363970036
764,2026-02-02,Fashion,C,North,1949,314,9,0.24097347139944186
765,2026-02-03,Electronics,A,North,2831,487,6,0.29596893423432313
766,2026-02-04,Home Decor,D,West,2720,809,1,0.17935199605370547
767,2026-02-05,Electronics,B,South,4289,296,3,0.024589720393098657
768,2026-02-06,Grocery,A,East,3310,716,2,0.19405116867791428
769,2026-02-07,Grocery,C,North,2031,595,9,0.18749392451281055
770,2026-02-08,Electronics,A,North,3490,548,1,0.19150517322612953
771,2026-02-09,Electronics,C,East,4993,178,9,0.09214369443126345
772,2026-02-10,Electronics,C,North,1643,721,9,0.2579038755240999
773,2026-02-11,Electronics,A,West,1433,650,8,0.28784165488662355
774,2026-02-12,Grocery,D,West,1960,654,8,0.06531375389344546
775,2026-02-13,Fashion,C,West,3223,376,1,0.026445647440993335
776,2026-02-14,Electronics,D,West,3012,802,8,0.058360509950545224
777,2026-02-15,Electronics,B,North,785,884,3,0.24616564177671563
778,2026-02-16,Grocery,C,East,764,453,7,0.20299339044595424
779,2026-02-17,Grocery,D,East,2867,678,1,0.190814202701738
780,2026-02-18,Home Decor,D,East,3947,655,1,0.12053794053282735
781,2026-02-19,Electronics,B,East,2262,724,5,0.1733483914534307
782,2026-02-20,Home Decor,D,South,3548,660,5,0.09236223758231023
783,2026-02-21,Grocery,D,East,2881,674,8,0.14316002382538837
784,2026-02-22,Grocery,B,South,2769,408,7,0.23791890851119676
785,2026-02-23,Fashion,C,South,540,652,8,0.2943724792366386
786,2026-02-24,Electronics,D,West,567,907,6,0.27974667707694056
787,2026-02-25,Home Decor,D,South,1487,767,6,0.2801597828538746
788,2026-02-26,Grocery,D,North,4508,66,2,0.1206671204541337
789,2026-02-27,Grocery,A,South,3698,323,6,0.14063696415203727
790,2026-02-28,Home Decor,B,West,3024,734,5,0.21169061891069446
791,2026-03-01,Fashion,A,South,1585,165,3,0.27665757841538524
792,2026-03-02,Grocery,B,North,2979,910,6,0.0425982778056254
793,2026-03-03,Electronics,C,North,2193,742,8,0.09127255914815872
794,2026-03-04,Grocery,C,North,2815,140,9,0.04177405337823285
795,2026-03-05,Electronics,D,West,1278,131,1,0.1836025589878366
796,2026-03-06,Home Decor,B,West,2085,373,3,0.09189029906626126
797,2026-03-07,Electronics,C,East,1992,163,3,0.09783235575377204
798,2026-03-08,Home Decor,B,West,1160,818,8,0.02127478784639377
799,2026-03-09,Electronics,C,North,1848,107,1,0.10493881854227757
800,2026-03-10,Home Decor,A,North,1799,203,5,0.2587489522204756
801,2026-03-11,Electronics,C,West,4440,926,3,0.06992184356725048
802,2026-03-12,Fashion,A,South,2486,453,2,0.2085562398630197
803,2026-03-13,Electronics,C,West,2544,677,8,0.1888885034815778
804,2026-03-14,Electronics,D,West,4016,904,3,0.2590453825107346
805,2026-03-15,Fashion,A,North,1558,315,7,0.03968638429531147
806,2026-03-16,Grocery,C,East,1476,364,1,0.29327698810351294
807,2026-03-17,Grocery,D,North,1227,764,6,0.17478859381210968
808,2026-03-18,Electronics,A,East,3027,90,3,0.2986422457040443
809,2026-03-19,Fashion,D,North,3636,154,8,0.2734544177597552
810,2026-03-20,Electronics,B,West,842,950,6,0.06645518163393173
811,2026-03-21,Home Decor,B,North,1947,939,2,0.016848602970993932
812,2026-03-22,Home Decor,A,North,2879,242,6,0.07669172813860846
813,2026-03-23,Electronics,C,North,4159,450,7,0.15826909469982595
814,2026-03-24,Grocery,A,West,1026,327,5,0.051478910119557
815,2026-03-25,Grocery,D,West,2396,403,3,0.05023792335539655
816,2026-03-26,Electronics,C,West,2573,798,4,0.13877806413154592
817,2026-03-27,Electronics,B,West,905,986,4,0.009980391350807527
818,2026-03-28,Home Decor,C,East,2073,782,6,0.03656642475968114
819,2026-03-29,Grocery,B,East,4240,629,1,0.12475840182238426
820,2026-03-30,Electronics,C,South,4774,758,4,0.018938972762389938
821,2026-03-31,Home Decor,C,West,4727,305,4,0.11902651693665879
822,2026-04-01,Grocery,C,East,2346,700,1,0.14220187978453352
823,2026-04-02,Fashion,D,North,1978,873,9,0.1353799842219343
824,2026-04-03,Home Decor,D,West,2895,996,4,0.26075245722092616
825,2026-04-04,Grocery,A,South,1271,710,7,0.15901873651551973
826,2026-04-05,Grocery,A,South,1078,148,3,0.140394138743413
827,2026-04-06,Home Decor,B,South,3401,637,3,0.12321277361749985
828,2026-04-07,Fashion,D,North,693,331,8,0.24528701349134585
829,2026-04-08,Home Decor,B,East,2507,932,8,0.26851698119994993
830,2026-04-09,Grocery,A,North,1685,452,1,0.25597274075913523
831,2026-04-10,Electronics,B,West,2894,158,2,0.20206397343941726
832,2026-04-11,Electronics,A,South,3498,749,8,0.04120852379060227
833,2026-04-12,Home Decor,D,North,2292,248,1,0.08306099084760367
834,2026-04-13,Grocery,C,North,1610,352,8,0.01381891910459323
835,2026-04-14,Electronics,D,East,4505,376,8,0.2792472224970342
836,2026-04-15,Grocery,B,East,2761,203,2,0.1982395589072731
837,2026-04-16,Home Decor,B,South,4236,601,4,0.22390886529397244
838,2026-04-17,Electronics,D,North,4293,694,6,0.09347152187466869
839,2026-04-18,Grocery,D,North,2436,454,9,0.2536960566832027
840,2026-04-19,Electronics,A,East,4857,511,8,0.07788098511254356
841,2026-04-20,Home Decor,B,North,1229,181,8,0.0004931271337349052
842,2026-04-21,Grocery,B,North,4878,840,7,0.11292448875620818
843,2026-04-22,Electronics,D,North,3951,923,9,0.17122844428772202
844,2026-04-23,Home Decor,C,East,4957,133,2,0.14361145738965675
845,2026-04-24,Electronics,B,South,2640,448,3,0.2586228427729791
846,2026-04-25,Electronics,C,West,2144,803,8,0.03162158578685008
847,2026-04-26,Fashion,D,South,3300,677,6,0.16614703219011767
848,2026-04-27,Fashion,D,West,641,158,9,0.15389380494627222
849,2026-04-28,Home Decor,A,North,1955,270,4,0.08441789465164891
850,2026-04-29,Fashion,B,South,2596,953,8,0.24666843377310316
851,2026-04-30,Home Decor,C,West,1825,602,3,0.22585459676466188
852,2026-05-01,Fashion,A,East,1713,417,3,0.21985775619954928
853,2026-05-02,Electronics,B,East,1659,196,8,0.2628577434808668
854,2026-05-03,Home Decor,A,South,4999,161,5,0.21683538018645634
855,2026-05-04,Home Decor,D,South,840,664,3,0.06955238751441793
856,2026-05-05,Electronics,B,North,4328,607,1,0.21166881349490732
857,2026-05-06,Home Decor,A,South,2468,973,3,0.09231084401695315
858,2026-05-07,Home Decor,A,North,1203,543,9,0.07265239510424117
859,2026-05-08,Fashion,C,North,4913,554,5,0.021901077869888198
860,2026-05-09,Home Decor,A,East,2929,524,2,0.223208574104303
861,2026-05-10,Grocery,B,East,2300,885,7,0.21330028858494335
862,2026-05-11,Electronics,B,West,1355,939,2,0.07034984330222811
863,2026-05-12,Fashion,C,East,2312,320,4,0.2248137050172468
864,2026-05-13,Fashion,B,East,3366,470,7,0.2753522649280659
865,2026-05-14,Grocery,D,South,4142,946,4,0.032408687247473776
866,2026-05-15,Electronics,B,East,682,756,7,0.06979099151603248
867,2026-05-16,Electronics,B,West,3612,416,7,0.22507823822619463
868,2026-05-17,Fashion,A,South,4992,329,1,0.08235200205212347
869,2026-05-18,Home Decor,A,West,2017,332,6,0.18739919228511503
870,2026-05-19,Fashion,B,East,1856,89,9,0.024349267339114355
871,2026-05-20,Electronics,C,West,2674,238,2,0.1356607437310616
872,2026-05-21,Grocery,A,South,4129,213,3,0.2217274265978859
873,2026-05-22,Fashion,C,North,4128,585,5,0.20595418291297576
874,2026-05-23,Electronics,B,West,4596,585,9,0.24452163020274204
875,2026-05-24,Fashion,B,West,3739,53,4,0.2632356379809506
876,2026-05-25,Home Decor,D,South,4191,884,1,0.23195505037762745
877,2026-05-26,Fashion,A,South,518,339,4,0.2014763228816778
878,2026-05-27,Fashion,B,West,3903,482,6,0.009516747544809344
879,2026-05-28,Electronics,D,East,3504,520,5,0.1604900020228332
880,2026-05-29,Electronics,A,West,1632,230,1,0.011309317474455837
881,2026-05-30,Electronics,B,South,3839,297,4,0.24242034513480676
882,2026-05-31,Fashion,B,North,3811,677,6,0.09621735733798727
883,2026-06-01,Home Decor,A,North,3872,328,4,0.16872881223537628
884,2026-06-02,Grocery,A,East,1487,926,9,0.08383359219567078
885,2026-06-03,Grocery,A,West,3821,630,5,0.23475004331408805
886,2026-06-04,Electronics,B,North,673,912,8,0.26595075799257073
887,2026-06-05,Electronics,B,West,4241,303,9,0.11959274826391919
888,2026-06-06,Fashion,D,South,3552,230,5,0.2588767180532967
889,2026-06-07,Grocery,C,North,1226,879,6,0.08012250223689972
890,2026-06-08,Electronics,A,East,4260,730,1,0.16039827692265715
891,2026-06-09,Home Decor,B,South,2375,874,7,0.2576284289516112
892,2026-06-10,Home Decor,B,East,4533,558,4,0.09776440278473711
893,2026-06-11,Electronics,A,South,1489,810,2,0.2862126795234257
894,2026-06-12,Electronics,C,North,4244,749,5,0.036563850534415084
895,2026-06-13,Grocery,A,East,3186,615,3,0.00548252091705187
896,2026-06-14,Grocery,C,East,919,375,6,0.2712406057734572
897,2026-06-15,Fashion,B,South,1093,406,8,0.020594599844361672
898,2026-06-16,Grocery,C,East,2274,874,7,0.2975667587842475
899,2026-06-17,Home Decor,D,South,2959,699,3,0.28541905859373184
900,2026-06-18,Home Decor,B,South,1435,729,8,0.0411062730108962
901,2026-06-19,Electronics,D,South,4308,440,2,0.16127538770776975
902,2026-06-20,Grocery,A,South,831,664,9,0.0554760892401433
903,2026-06-21,Fashion,A,North,3949,983,4,0.12844655190903595
904,2026-06-22,Home Decor,A,South,3202,134,1,0.018427538777949802
905,2026-06-23,Home Decor,C,West,4506,366,8,0.06717737633897686
906,2026-06-24,Fashion,B,East,4368,261,7,0.10898183891966985
907,2026-06-25,Fashion,A,West,4700,564,5,0.13159425007381645
908,2026-06-26,Home Decor,A,North,701,433,5,0.2932488774626679
909,2026-06-27,Home Decor,B,West,2997,740,7,0.24235969370519436
910,2026-06-28,Fashion,A,East,2342,391,5,0.22122298329358384
911,2026-06-29,Home Decor,D,West,2366,864,8,0.16111239442259226
912,2026-06-30,Electronics,B,North,2496,893,6,0.251999328181303
913,2026-07-01,Electronics,B,South,1409,87,5,0.10179685069671332
914,2026-07-02,Fashion,B,West,4805,560,9,0.2126697338319948
915,2026-07-03,Grocery,D,North,3689,469,2,0.2981351926134516
916,2026-07-04,Fashion,B,North,1270,800,1,0.09438867268055963
917,2026-07-05,Fashion,D,East,3655,218,8,0.2022052604651902
918,2026-07-06,Grocery,B,East,3001,958,3,0.2532944592457147
919,2026-07-07,Grocery,C,West,3214,392,7,0.27474227500520165
920,2026-07-08,Grocery,A,South,4085,875,8,0.21537980728203054
921,2026-07-09,Electronics,C,North,2128,355,6,0.08508237702514088
922,2026-07-10,Home Decor,A,West,886,591,9,0.09788464547068394
923,2026-07-11,Electronics,D,North,3921,751,7,0.006227409637189263
924,2026-07-12,Home Decor,C,North,4508,918,5,0.22826579330145289
925,2026-07-13,Electronics,B,South,4593,586,8,0.012821881818585412
926,2026-07-14,Home Decor,A,South,4863,161,2,0.2593957063808237
927,2026-07-15,Electronics,A,West,2966,460,7,0.03559818434236164
928,2026-07-16,Grocery,C,South,2782,996,4,0.05156295364077727
929,2026-07-17,Fashion,D,South,2356,255,9,0.14295794124967118
930,2026-07-18,Electronics,C,West,2498,234,1,0.2213641245506227
931,2026-07-19,Home Decor,D,South,1736,431,7,0.0417006615597233
932,2026-07-20,Grocery,D,East,4644,545,6,0.13202132251994952
933,2026-07-21,Electronics,A,North,1650,428,8,0.14485538232303144
934,2026-07-22,Electronics,C,North,4818,96,5,0.06368569250057739
935,2026-07-23,Grocery,C,North,1931,935,1,0.03466751300418952
936,2026-07-24,Electronics,D,North,2319,789,1,0.25092627689569186
937,2026-07-25,Fashion,C,West,2824,600,9,0.15073969492882966
938,2026-07-26,Electronics,B,North,1630,577,6,0.004314370795245892
939,2026-07-27,Fashion,B,North,3158,553,5,0.24089439039273114
940,2026-07-28,Fashion,C,North,4000,71,1,0.29423814162437545
941,2026-07-29,Grocery,C,North,874,262,6,0.18177785862427417
942,2026-07-30,Electronics,D,East,2620,359,6,0.15111251612522122
943,2026-07-31,Grocery,B,North,4520,710,3,0.2635247589134885
944,2026-08-01,Electronics,B,East,2521,802,8,0.28575503690537957
945,2026-08-02,Electronics,A,West,4205,321,1,0.22636107477073814
946,2026-08-03,Home Decor,D,South,3759,620,1,0.13363587892028636
947,2026-08-04,Electronics,A,North,3935,848,6,0.17766641979943212
948,2026-08-05,Grocery,B,South,2389,987,1,0.21028060950539976
949,2026-08-06,Fashion,D,South,2323,251,6,0.058282071300540424
950,2026-08-07,Electronics,C,West,1974,81,1,0.1341603096649314
951,2026-08-08,Home Decor,D,South,2742,492,6,0.2489463794151855
952,2026-08-09,Grocery,C,East,3743,211,3,0.1964176045495329
953,2026-08-10,Electronics,C,South,3634,816,8,0.12336122016355622
954,2026-08-11,Grocery,D,South,2570,303,6,0.19900876020440442
955,2026-08-12,Home Decor,C,South,859,570,1,0.03546672362173796
956,2026-08-13,Home Decor,A,North,2541,700,5,0.12044928316946289
957,2026-08-14,Grocery,B,North,1641,529,8,0.2379385613889169
958,2026-08-15,Electronics,C,East,2135,59,3,0.0661526361409944
959,2026-08-16,Fashion,A,East,4500,775,6,0.05578845226722531
960,2026-08-17,Home Decor,C,North,2443,554,5,0.28524559797492943
961,2026-08-18,Electronics,B,East,3861,834,6,0.06296928887586921
962,2026-08-19,Electronics,A,North,3480,885,1,0.07827557389505042
963,2026-08-20,Fashion,B,West,506,609,7,0.2908847816713014
964,2026-08-21,Home Decor,B,South,3767,485,9,0.2204125710795077
965,2026-08-22,Home Decor,A,South,2091,160,2,0.20987895990705846
966,2026-08-23,Electronics,A,East,3764,202,5,0.25587791515637437
967,2026-08-24,Electronics,A,North,3106,684,4,0.03474692467103828
968,2026-08-25,Fashion,D,North,3719,966,6,0.21178687097400214
969,2026-08-26,Fashion,A,East,3773,918,6,0.15110658279847167
970,2026-08-27,Home Decor,A,North,1413,151,2,0.24874519208524196
971,2026-08-28,Grocery,A,West,2511,802,2,0.1524425155995583
972,2026-08-29,Home Decor,A,South,1942,882,4,0.18607240628067365
973,2026-08-30,Electronics,C,East,3554,240,1,0.14332263791986077
974,2026-08-31,Home Decor,D,East,4046,778,9,0.14344767706675324
975,2026-09-01,Grocery,B,North,4721,612,7,0.23039099341854946
976,2026-09-02,Fashion,A,East,3428,853,7,0.18856992019418495
977,2026-09-03,Grocery,C,West,2329,130,3,0.18997896048282312
978,2026-09-04,Grocery,C,North,1075,538,3,0.13508474514945773
979,2026-09-05,Grocery,C,North,1429,944,1,0.15933284890125826
980,2026-09-06,Fashion,B,North,4259,137,3,0.22371529986143618
981,2026-09-07,Grocery,A,North,4199,243,3,0.24778227573357547
982,2026-09-08,Grocery,D,West,1963,153,4,0.20896842064321383
983,2026-09-09,Grocery,D,North,3775,832,4,0.27722189665370495
984,2026-09-10,Electronics,C,East,1554,145,3,0.24609722644416027
985,2026-09-11,Grocery,B,West,2400,472,8,0.16855913694285554
986,2026-09-12,Fashion,B,South,1957,940,8,0.20142182179312104
987,2026-09-13,Grocery,B,South,1899,247,1,0.2778924830763588
988,2026-09-14,Grocery,D,East,3915,50,7,0.1857504132729175
989,2026-09-15,Fashion,C,East,942,456,2,0.24744208439394919
990,2026-09-16,Grocery,A,West,4150,427,1,0.20664315107699613
991,2026-09-17,Fashion,D,South,1678,216,3,0.16558090831813996
992,2026-09-18,Grocery,C,South,4958,558,4,0.07255145862460594
993,2026-09-19,Fashion,C,South,1757,687,6,0.12779925584052843
994,2026-09-20,Grocery,A,South,4134,362,5,0.29032284745011466
995,2026-09-21,Grocery,A,South,2341,642,4,0.19732961498178
996,2026-09-22,Electronics,A,North,2809,467,8,0.16931861410169688
997,2026-09-23,Electronics,B,East,1410,812,4,0.2798869876584682
998,2026-09-24,Grocery,A,North,4840,730,2,0.17595353431123462
999,2026-09-25,Grocery,C,South,4509,526,3,0.15782475552522088
1000,2026-09-26,Home Decor,A,West,2669,122,6,0.22779325654506155
